A1,A2,A3,A4,A5,A6,A7,A8,A9,A10,B1,B2,B3,B4,B5,C1,C2,C3,C4,D1,D2,D3,D4
56.22 ,192.38 ,134.23 ,2.06 ,0.92 ,0.41 ,-12.74 ,1299017.00 ,0.11 ,99.85 ,861.00 ,8.00 ,7.00 ,36.00 ,59.50 ,21.00 ,43.90 ,100.00 ,63.59 ,0.00 ,49.14 ,109.31 ,-25.90 
34.58 ,254.04 ,202.52 ,1.49 ,1.46 ,3.52 ,2.24 ,5110452.00 ,0.24 ,62.63 ,634.00 ,58.00 ,3.00 ,34.00 ,18.50 ,25.00 ,33.40 ,99.50 ,91.12 ,0.00 ,22.40 ,28.26 ,38.47 
17.32 ,398.56 ,341.48 ,1.60 ,1.73 ,1.48 ,39.18 ,1369489.00 ,0.20 ,52.76 ,562.00 ,6.00 ,6.00 ,36.00 ,18.00 ,19.00 ,14.40 ,29.30 ,48.04 ,55.20 ,16.88 ,23.75 ,30.64 
16.20 ,461.20 ,455.37 ,2.61 ,0.81 ,6.51 ,13.76 ,1414918.00 ,0.21 ,113.80 ,318.00 ,2.00 ,5.00 ,37.00 ,6.00 ,9.00 ,26.10 ,100.00 ,50.00 ,33.37 ,7.64 ,12.52 ,44.16 
11.91 ,385.47 ,409.30 ,1.45 ,1.43 ,9.20 ,9.54 ,1050400.00 ,0.15 ,64.97 ,532.00 ,7.00 ,5.00 ,36.00 ,4.00 ,6.00 ,38.50 ,38.50 ,37.66 ,110.39 ,15.88 ,28.84 ,97.00 
37.73 ,179.81 ,183.80 ,0.96 ,2.22 ,4.73 ,7.28 ,7921182.00 ,0.25 ,41.32 ,1268.00 ,9.00 ,4.00 ,34.00 ,48.50 ,8.00 ,28.70 ,80.30 ,74.63 ,709.15 ,10.51 ,14.15 ,42.51 
19.73 ,255.43 ,253.51 ,1.50 ,2.14 ,1.56 ,16.48 ,1476463.00 ,0.20 ,42.57 ,738.00 ,8.00 ,5.00 ,36.00 ,14.00 ,10.00 ,38.80 ,67.70 ,44.62 ,170.76 ,21.69 ,32.18 ,7.48 
17.95 ,347.23 ,392.27 ,3.14 ,3.80 ,2.63 ,43.55 ,1393455.00 ,0.22 ,24.42 ,191.00 ,30.00 ,5.00 ,35.00 ,3.50 ,3.00 ,49.20 ,100.00 ,91.20 ,122.77 ,14.24 ,20.56 ,52.01 
7.10 ,918.55 ,1070.15 ,1.53 ,1.07 ,0.80 ,72.42 ,150933.50 ,0.12 ,85.95 ,76.00 ,13.00 ,7.00 ,42.00 ,0.00 ,3.00 ,63.70 ,100.00 ,82.71 ,12.24 ,16.95 ,32.79 ,41.70 
33.34 ,236.35 ,143.91 ,2.27 ,1.58 ,4.72 ,-9.53 ,2175739.00 ,0.52 ,58.05 ,484.00 ,17.00 ,4.00 ,36.00 ,0.00 ,4.00 ,15.00 ,81.20 ,91.24 ,41.25 ,10.27 ,15.24 ,-9.49 
20.23 ,355.81 ,343.72 ,1.78 ,0.91 ,3.79 ,36.06 ,909148.50 ,0.21 ,100.57 ,379.00 ,10.00 ,6.00 ,37.00 ,13.50 ,5.00 ,53.80 ,43.70 ,71.36 ,75.01 ,15.95 ,27.94 ,13.77 
17.79 ,499.64 ,454.61 ,1.06 ,1.70 ,16.52 ,21.39 ,444397.50 ,0.28 ,53.79 ,131.00 ,1.00 ,4.00 ,35.00 ,0.50 ,3.00 ,43.00 ,95.90 ,97.64 ,25.55 ,11.48 ,23.83 ,62.18 
27.39 ,246.26 ,225.76 ,1.50 ,1.16 ,5.50 ,28.79 ,2561970.00 ,0.39 ,78.48 ,577.00 ,6.00 ,4.00 ,34.00 ,17.00 ,7.00 ,35.10 ,65.90 ,44.61 ,348.65 ,9.83 ,18.60 ,42.88 
26.00 ,272.81 ,217.49 ,1.27 ,1.52 ,6.39 ,6.95 ,1375533.00 ,0.34 ,60.37 ,314.00 ,26.00 ,4.00 ,36.00 ,2.50 ,6.00 ,27.30 ,94.10 ,75.01 ,60.79 ,12.33 ,15.98 ,-10.01 
19.71 ,338.69 ,356.13 ,0.93 ,1.39 ,10.69 ,26.09 ,1146047.00 ,0.25 ,66.48 ,253.00 ,4.00 ,6.00 ,35.00 ,0.00 ,3.00 ,30.70 ,73.90 ,82.23 ,122.41 ,7.95 ,14.09 ,25.60 
26.55 ,297.70 ,202.63 ,0.74 ,0.84 ,9.15 ,10.68 ,839663.50 ,0.29 ,109.14 ,109.00 ,3.00 ,5.00 ,35.00 ,0.00 ,3.00 ,17.60 ,72.90 ,75.21 ,20.42 ,3.40 ,7.91 ,28.46 
17.00 ,498.21 ,468.55 ,2.46 ,2.10 ,4.05 ,26.14 ,1092471.50 ,0.16 ,43.40 ,171.00 ,17.00 ,4.00 ,35.00 ,14.50 ,2.00 ,48.00 ,100.00 ,90.03 ,248.66 ,11.30 ,20.52 ,-4.64 
21.61 ,363.23 ,263.04 ,1.11 ,1.24 ,9.56 ,14.12 ,212691.50 ,0.38 ,73.52 ,96.00 ,2.00 ,5.00 ,35.00 ,3.50 ,4.00 ,32.30 ,45.50 ,33.93 ,16.21 ,13.36 ,18.26 ,68.44 
21.30 ,342.06 ,307.96 ,1.18 ,2.33 ,0.89 ,12.83 ,234577.50 ,0.20 ,41.08 ,122.00 ,14.00 ,3.00 ,32.00 ,8.50 ,2.00 ,41.10 ,94.30 ,24.42 ,42.08 ,11.92 ,21.53 ,19.82 
9.18 ,950.46 ,939.06 ,3.19 ,0.00 ,4.85 ,65.21 ,186704.00 ,0.21 ,0.00 ,178.00 ,8.00 ,4.00 ,34.00 ,3.50 ,3.00 ,14.70 ,100.00 ,42.93 ,30.92 ,33.93 ,47.17 ,41.83 
10.39 ,931.03 ,860.15 ,1.86 ,1.31 ,27.60 ,23.82 ,112800.00 ,0.12 ,70.43 ,124.00 ,5.00 ,3.00 ,33.00 ,7.00 ,2.00 ,46.00 ,79.50 ,41.99 ,16.75 ,21.57 ,38.35 ,0.23 
52.59 ,239.25 ,106.89 ,2.15 ,0.83 ,0.42 ,-9.58 ,1309988.00 ,0.11 ,110.43 ,861.00 ,8.00 ,7.00 ,36.00 ,58.00 ,21.00 ,41.90 ,100.00 ,62.73 ,0.08 ,52.17 ,115.58 ,-8.10 
30.38 ,256.11 ,215.54 ,1.40 ,1.40 ,2.95 ,7.94 ,3831760.00 ,0.19 ,65.37 ,634.00 ,58.00 ,3.00 ,34.00 ,19.00 ,25.00 ,34.35 ,99.70 ,95.08 ,48.29 ,24.93 ,32.25 ,35.96 
16.30 ,379.78 ,369.05 ,1.69 ,1.63 ,1.43 ,11.95 ,1305137.00 ,0.19 ,56.17 ,562.00 ,6.00 ,6.00 ,36.00 ,9.00 ,20.00 ,24.05 ,28.70 ,49.88 ,66.35 ,17.14 ,25.35 ,52.27 
17.08 ,418.25 ,416.16 ,2.83 ,0.84 ,7.98 ,-7.86 ,1704969.00 ,0.25 ,109.97 ,318.00 ,2.00 ,5.00 ,37.00 ,2.00 ,9.50 ,28.80 ,100.00 ,52.23 ,76.97 ,7.11 ,12.05 ,119.62 
12.32 ,419.23 ,415.50 ,1.51 ,1.36 ,9.24 ,26.87 ,1053605.00 ,0.15 ,67.47 ,532.00 ,7.00 ,5.00 ,36.00 ,4.00 ,5.50 ,36.50 ,36.50 ,32.90 ,89.80 ,16.60 ,29.25 ,83.72 
39.72 ,175.62 ,180.17 ,0.93 ,2.17 ,4.90 ,10.06 ,7998262.00 ,0.24 ,42.08 ,1268.00 ,9.00 ,4.00 ,34.00 ,41.00 ,8.00 ,26.55 ,83.30 ,73.30 ,759.05 ,10.31 ,14.02 ,95.16 
20.43 ,251.69 ,255.56 ,1.38 ,2.13 ,1.56 ,21.15 ,1448630.00 ,0.19 ,42.91 ,738.00 ,8.00 ,5.00 ,36.00 ,10.00 ,10.00 ,35.80 ,72.10 ,42.58 ,149.55 ,21.58 ,32.07 ,33.40 
19.24 ,375.63 ,366.83 ,2.98 ,3.26 ,2.47 ,28.58 ,1312079.00 ,0.19 ,31.13 ,191.00 ,30.00 ,5.00 ,35.00 ,1.00 ,3.00 ,47.20 ,100.00 ,93.65 ,119.85 ,14.58 ,20.98 ,69.09 
6.59 ,973.99 ,1175.27 ,1.44 ,1.12 ,0.75 ,73.13 ,146087.50 ,0.11 ,83.39 ,76.00 ,13.00 ,7.00 ,42.00 ,3.00 ,3.50 ,63.30 ,100.00 ,80.39 ,11.57 ,17.45 ,33.68 ,34.86 
32.22 ,226.53 ,146.62 ,2.10 ,1.45 ,4.79 ,2.66 ,2140216.00 ,0.52 ,63.09 ,484.00 ,17.00 ,4.00 ,36.00 ,0.00 ,4.00 ,21.50 ,79.90 ,87.12 ,47.07 ,10.24 ,15.34 ,3.60 
19.32 ,317.92 ,371.76 ,1.69 ,0.90 ,3.87 ,1.42 ,891250.00 ,0.20 ,101.38 ,379.00 ,10.00 ,6.00 ,37.00 ,13.00 ,5.00 ,51.10 ,43.20 ,72.23 ,85.26 ,15.64 ,27.84 ,44.67 
17.45 ,458.22 ,465.92 ,0.91 ,1.46 ,15.85 ,5.89 ,412697.50 ,0.25 ,62.93 ,131.00 ,1.00 ,4.00 ,35.00 ,3.00 ,4.50 ,42.15 ,96.10 ,98.06 ,25.50 ,11.55 ,24.28 ,73.88 
27.43 ,227.71 ,225.24 ,1.49 ,1.18 ,4.94 ,34.19 ,2695297.00 ,0.38 ,77.24 ,577.00 ,6.00 ,4.00 ,34.00 ,22.00 ,7.00 ,35.20 ,65.05 ,43.61 ,416.78 ,9.48 ,18.50 ,95.26 
25.50 ,219.30 ,223.55 ,1.21 ,1.47 ,5.34 ,25.46 ,1301554.00 ,0.32 ,62.35 ,314.00 ,26.00 ,4.00 ,36.00 ,9.00 ,8.50 ,26.40 ,97.05 ,78.59 ,53.73 ,13.32 ,17.15 ,20.83 
19.86 ,300.00 ,361.31 ,0.89 ,1.31 ,11.25 ,24.06 ,1123553.00 ,0.24 ,69.90 ,253.00 ,4.00 ,6.00 ,35.00 ,0.00 ,2.50 ,32.70 ,75.70 ,81.69 ,143.89 ,8.11 ,14.47 ,34.63 
24.79 ,330.79 ,200.37 ,0.75 ,0.81 ,9.11 ,9.95 ,828450.00 ,0.28 ,113.26 ,109.00 ,3.00 ,5.00 ,35.00 ,0.00 ,3.00 ,16.35 ,71.80 ,74.41 ,16.09 ,3.44 ,8.41 ,46.47 
17.23 ,496.13 ,466.60 ,2.32 ,1.98 ,3.85 ,24.05 ,1066108.00 ,0.15 ,45.95 ,171.00 ,17.00 ,4.00 ,35.00 ,12.50 ,2.00 ,48.00 ,100.00 ,90.03 ,248.66 ,11.90 ,20.97 ,25.88 
21.13 ,375.38 ,269.35 ,1.03 ,1.19 ,9.29 ,16.52 ,208182.50 ,0.36 ,77.03 ,96.00 ,2.00 ,5.00 ,35.00 ,0.00 ,4.00 ,32.30 ,45.50 ,33.93 ,16.21 ,14.02 ,19.10 ,98.34 
20.45 ,353.91 ,319.78 ,1.26 ,2.38 ,0.89 ,24.71 ,238874.50 ,0.21 ,40.55 ,122.00 ,14.00 ,3.00 ,32.00 ,10.00 ,2.00 ,41.10 ,94.30 ,24.42 ,42.08 ,11.63 ,21.68 ,107.16 
17.24 ,609.74 ,602.38 ,2.54 ,0.00 ,3.13 ,40.35 ,183727.00 ,0.18 ,0.00 ,178.00 ,8.00 ,4.00 ,34.00 ,2.00 ,3.00 ,14.70 ,100.00 ,42.93 ,30.92 ,33.41 ,47.74 ,67.93 
12.28 ,788.03 ,713.59 ,1.85 ,1.04 ,34.02 ,2.90 ,121607.50 ,0.12 ,88.67 ,124.00 ,5.00 ,3.00 ,33.00 ,2.00 ,2.00 ,46.00 ,79.50 ,41.99 ,16.75 ,22.94 ,40.14 ,25.60 
48.64 ,229.35 ,156.08 ,2.18 ,0.75 ,0.46 ,-15.99 ,1379877.00 ,0.11 ,121.56 ,861.00 ,8.00 ,7.00 ,36.00 ,49.00 ,21.00 ,39.90 ,100.00 ,62.73 ,0.16 ,48.98 ,98.57 ,8.80 
28.96 ,284.34 ,212.96 ,1.48 ,1.48 ,2.90 ,8.71 ,3497415.00 ,0.19 ,62.08 ,634.00 ,58.00 ,3.00 ,34.00 ,18.50 ,25.00 ,35.30 ,99.90 ,95.08 ,96.58 ,21.45 ,28.63 ,-3.58 
19.22 ,452.68 ,323.98 ,1.95 ,1.70 ,1.72 ,6.50 ,1549646.00 ,0.21 ,54.21 ,562.00 ,6.00 ,6.00 ,36.00 ,12.50 ,21.00 ,33.70 ,28.10 ,49.88 ,77.50 ,15.09 ,22.56 ,57.50 
21.56 ,499.09 ,334.24 ,2.96 ,0.98 ,9.55 ,11.86 ,2207196.00 ,0.30 ,92.72 ,318.00 ,2.00 ,5.00 ,37.00 ,3.50 ,10.00 ,31.50 ,100.00 ,52.23 ,120.56 ,6.11 ,10.29 ,132.41 
16.17 ,536.84 ,330.70 ,1.63 ,1.33 ,9.80 ,17.53 ,1116550.00 ,0.15 ,69.87 ,532.00 ,7.00 ,5.00 ,36.00 ,5.00 ,5.00 ,34.50 ,34.50 ,32.90 ,69.21 ,16.35 ,28.52 ,22.98 
45.65 ,194.21 ,160.02 ,0.97 ,2.19 ,5.61 ,1.40 ,9031245.00 ,0.25 ,41.68 ,1268.00 ,9.00 ,4.00 ,34.00 ,33.50 ,8.00 ,24.40 ,86.30 ,73.30 ,808.94 ,9.79 ,13.28 ,77.88 
24.86 ,302.79 ,220.17 ,1.45 ,2.00 ,1.77 ,11.02 ,1614431.00 ,0.20 ,45.60 ,738.00 ,8.00 ,5.00 ,36.00 ,7.50 ,10.00 ,32.80 ,76.50 ,42.58 ,128.34 ,19.62 ,29.32 ,35.33 
22.23 ,448.30 ,322.18 ,2.61 ,2.10 ,2.22 ,10.99 ,1185004.00 ,0.16 ,43.44 ,191.00 ,30.00 ,5.00 ,35.00 ,1.00 ,3.00 ,45.20 ,100.00 ,93.65 ,116.93 ,16.37 ,24.81 ,33.57 
9.89 ,1330.59 ,854.77 ,1.40 ,1.16 ,0.77 ,49.00 ,148755.00 ,0.10 ,79.91 ,76.00 ,13.00 ,7.00 ,42.00 ,2.00 ,4.00 ,62.90 ,100.00 ,80.39 ,10.90 ,16.64 ,32.92 ,20.50 
36.86 ,256.52 ,131.96 ,2.24 ,1.52 ,5.38 ,8.79 ,2361567.00 ,0.54 ,60.47 ,484.00 ,17.00 ,4.00 ,36.00 ,0.50 ,4.00 ,28.00 ,78.60 ,87.12 ,52.89 ,9.54 ,14.09 ,20.32 
25.96 ,385.32 ,300.90 ,1.79 ,1.12 ,4.71 ,5.08 ,1046738.00 ,0.22 ,83.87 ,379.00 ,10.00 ,6.00 ,37.00 ,16.00 ,5.00 ,48.40 ,42.70 ,72.23 ,95.51 ,14.42 ,26.19 ,61.59 
19.78 ,537.97 ,422.21 ,0.79 ,1.22 ,15.22 ,2.49 ,383476.00 ,0.22 ,75.54 ,131.00 ,1.00 ,4.00 ,35.00 ,4.00 ,6.00 ,41.30 ,96.30 ,98.06 ,25.45 ,11.54 ,24.95 ,34.66 
34.43 ,268.65 ,190.81 ,1.51 ,1.37 ,4.14 ,20.86 ,3048443.00 ,0.39 ,66.94 ,577.00 ,6.00 ,4.00 ,34.00 ,22.50 ,7.00 ,35.30 ,64.20 ,43.61 ,484.92 ,9.24 ,18.34 ,94.56 
30.54 ,240.35 ,196.43 ,1.26 ,1.63 ,4.37 ,9.47 ,1383793.00 ,0.32 ,56.00 ,314.00 ,26.00 ,4.00 ,36.00 ,6.00 ,11.00 ,25.50 ,100.00 ,78.59 ,46.68 ,12.88 ,16.47 ,26.15 
27.36 ,345.29 ,281.22 ,0.94 ,1.28 ,13.76 ,10.95 ,1293149.00 ,0.25 ,71.13 ,253.00 ,4.00 ,6.00 ,35.00 ,0.00 ,2.00 ,34.70 ,77.50 ,81.69 ,165.37 ,7.21 ,13.67 ,43.13 
32.49 ,441.60 ,187.28 ,0.80 ,0.84 ,9.99 ,3.56 ,901465.50 ,0.28 ,109.02 ,109.00 ,3.00 ,5.00 ,35.00 ,0.00 ,3.00 ,15.10 ,70.70 ,74.41 ,11.75 ,3.01 ,7.82 ,31.39 
22.61 ,393.76 ,366.20 ,2.34 ,1.90 ,4.31 ,15.30 ,1214109.50 ,0.16 ,48.14 ,171.00 ,17.00 ,4.00 ,35.00 ,15.50 ,2.00 ,48.00 ,100.00 ,90.03 ,248.66 ,11.75 ,20.24 ,54.79 
27.86 ,305.49 ,214.81 ,1.06 ,1.14 ,10.50 ,9.19 ,232844.50 ,0.37 ,80.43 ,96.00 ,2.00 ,5.00 ,35.00 ,0.00 ,4.00 ,32.30 ,45.50 ,33.93 ,16.21 ,13.42 ,18.08 ,66.68 
26.22 ,289.96 ,261.38 ,1.51 ,3.01 ,1.20 ,21.58 ,324633.00 ,0.26 ,30.33 ,122.00 ,14.00 ,3.00 ,32.00 ,13.50 ,2.00 ,41.10 ,94.30 ,24.42 ,42.08 ,9.50 ,16.67 ,117.27 
24.26 ,259.65 ,254.06 ,3.08 ,0.00 ,0.77 ,26.65 ,200127.00 ,0.17 ,0.00 ,178.00 ,8.00 ,4.00 ,34.00 ,4.00 ,3.00 ,14.70 ,100.00 ,42.93 ,30.92 ,32.90 ,47.52 ,65.38 
17.42 ,580.01 ,514.32 ,2.02 ,0.95 ,43.12 ,5.36 ,158659.00 ,0.15 ,95.69 ,124.00 ,5.00 ,3.00 ,33.00 ,0.00 ,2.00 ,46.00 ,79.50 ,41.99 ,16.75 ,19.04 ,34.12 ,53.58 
38.10 ,252.94 ,193.06 ,2.17 ,0.72 ,0.49 ,-18.32 ,1440587.00 ,0.11 ,126.81 ,861.00 ,8.00 ,7.00 ,36.00 ,68.50 ,21.00 ,39.90 ,100.00 ,62.73 ,0.16 ,42.96 ,89.21 ,13.75 
27.69 ,309.88 ,212.46 ,1.43 ,1.39 ,2.99 ,8.26 ,3570276.00 ,0.19 ,67.13 ,634.00 ,58.00 ,3.00 ,34.00 ,18.50 ,25.00 ,35.30 ,99.90 ,95.08 ,96.58 ,22.35 ,29.42 ,-32.02 
20.18 ,461.64 ,312.44 ,2.02 ,1.81 ,2.05 ,27.18 ,1822021.00 ,0.24 ,50.33 ,562.00 ,6.00 ,6.00 ,36.00 ,14.50 ,21.00 ,33.70 ,28.10 ,49.88 ,77.50 ,13.25 ,20.84 ,34.72 
22.87 ,495.13 ,270.82 ,2.46 ,0.75 ,6.91 ,-7.30 ,1962566.00 ,0.25 ,139.50 ,318.00 ,2.00 ,5.00 ,37.00 ,4.00 ,10.00 ,31.50 ,100.00 ,52.23 ,120.56 ,7.92 ,12.59 ,57.66 
15.32 ,509.12 ,345.67 ,1.53 ,1.06 ,9.03 ,-3.36 ,1023012.00 ,0.14 ,87.18 ,532.00 ,7.00 ,5.00 ,36.00 ,5.00 ,5.00 ,34.50 ,34.50 ,32.90 ,69.21 ,17.91 ,31.59 ,-3.00 
46.73 ,203.80 ,153.81 ,0.90 ,1.98 ,5.88 ,0.17 ,9469079.00 ,0.25 ,46.21 ,1268.00 ,9.00 ,4.00 ,34.00 ,30.00 ,8.00 ,24.40 ,86.30 ,73.30 ,808.94 ,9.74 ,13.09 ,19.91 
25.04 ,340.63 ,214.64 ,1.45 ,1.87 ,1.93 ,13.54 ,1721394.00 ,0.21 ,48.82 ,738.00 ,8.00 ,5.00 ,36.00 ,5.00 ,10.00 ,32.80 ,76.50 ,42.58 ,128.34 ,20.11 ,29.33 ,12.73 
20.61 ,479.32 ,357.74 ,2.35 ,2.23 ,1.86 ,11.98 ,1010290.00 ,0.14 ,41.33 ,191.00 ,30.00 ,5.00 ,35.00 ,1.50 ,3.00 ,45.20 ,100.00 ,93.65 ,116.93 ,17.23 ,27.70 ,-23.25 
9.68 ,1303.42 ,904.32 ,1.32 ,1.05 ,0.77 ,44.63 ,145994.00 ,0.10 ,87.08 ,76.00 ,13.00 ,7.00 ,42.00 ,0.50 ,4.00 ,62.90 ,100.00 ,80.39 ,10.90 ,15.91 ,33.11 ,0.65 
38.53 ,298.19 ,121.96 ,2.30 ,1.59 ,6.17 ,3.57 ,2661456.00 ,0.57 ,57.40 ,484.00 ,17.00 ,4.00 ,36.00 ,3.50 ,4.00 ,28.00 ,78.60 ,87.12 ,52.89 ,9.21 ,13.64 ,24.92 
54.04 ,192.71 ,84.36 ,2.40 ,1.56 ,10.46 ,-13.70 ,1503323.00 ,0.54 ,60.53 ,285.00 ,16.00 ,2.00 ,32.00 ,1.50 ,1.00 ,14.30 ,100.00 ,87.16 ,41.75 ,7.11 ,10.64 ,24.53 
27.91 ,453.18 ,268.62 ,1.73 ,1.27 ,5.23 ,39.11 ,1151392.00 ,0.24 ,72.12 ,379.00 ,10.00 ,6.00 ,37.00 ,12.50 ,5.00 ,48.40 ,42.70 ,72.23 ,95.51 ,14.42 ,24.98 ,38.03 
21.14 ,536.90 ,384.24 ,0.74 ,1.03 ,14.44 ,15.61 ,351998.50 ,0.20 ,88.73 ,131.00 ,1.00 ,4.00 ,35.00 ,4.00 ,6.00 ,41.30 ,96.30 ,98.06 ,25.45 ,11.44 ,25.70 ,-2.46 
36.50 ,282.63 ,179.16 ,1.42 ,1.51 ,3.88 ,23.85 ,3311710.00 ,0.39 ,60.20 ,577.00 ,6.00 ,4.00 ,34.00 ,27.50 ,7.00 ,35.30 ,64.20 ,43.61 ,484.92 ,9.34 ,19.12 ,45.80 
36.02 ,271.70 ,157.01 ,1.26 ,1.57 ,3.20 ,2.67 ,1400649.00 ,0.30 ,58.37 ,314.00 ,26.00 ,4.00 ,36.00 ,4.50 ,11.00 ,25.50 ,100.00 ,78.59 ,46.68 ,13.48 ,17.30 ,1.59 
28.69 ,349.99 ,235.38 ,0.88 ,1.07 ,10.12 ,10.72 ,1314022.00 ,0.24 ,86.41 ,253.00 ,4.00 ,6.00 ,35.00 ,0.00 ,2.00 ,34.70 ,77.50 ,81.69 ,165.37 ,7.30 ,13.63 ,20.85 
35.66 ,485.61 ,192.82 ,0.81 ,0.78 ,10.85 ,-13.36 ,963997.50 ,0.27 ,117.01 ,109.00 ,3.00 ,5.00 ,35.00 ,0.50 ,3.00 ,15.10 ,70.70 ,74.41 ,11.75 ,3.34 ,8.20 ,17.47 
22.89 ,390.85 ,360.01 ,2.16 ,1.67 ,4.45 ,10.14 ,1259839.50 ,0.16 ,55.19 ,171.00 ,17.00 ,4.00 ,35.00 ,18.00 ,2.00 ,48.00 ,100.00 ,90.03 ,248.66 ,11.48 ,19.79 ,30.54 
29.24 ,293.07 ,194.91 ,1.03 ,1.01 ,10.81 ,15.12 ,243467.00 ,0.37 ,92.10 ,96.00 ,2.00 ,5.00 ,35.00 ,0.00 ,4.00 ,32.30 ,45.50 ,33.93 ,16.21 ,13.52 ,18.22 ,30.99 
24.22 ,324.56 ,292.39 ,1.35 ,2.91 ,1.28 ,17.06 ,345316.50 ,0.27 ,31.39 ,122.00 ,14.00 ,3.00 ,32.00 ,12.50 ,2.00 ,41.10 ,94.30 ,24.42 ,42.08 ,11.05 ,16.48 ,37.80 
17.43 ,386.98 ,373.33 ,3.05 ,0.00 ,0.66 ,33.12 ,233353.50 ,0.20 ,0.00 ,178.00 ,8.00 ,4.00 ,34.00 ,3.00 ,3.00 ,14.70 ,100.00 ,42.93 ,30.92 ,27.37 ,41.22 ,50.88 
19.75 ,492.67 ,423.26 ,2.08 ,0.88 ,38.87 ,0.77 ,174899.00 ,0.17 ,104.90 ,124.00 ,5.00 ,3.00 ,33.00 ,1.00 ,2.00 ,46.00 ,79.50 ,41.99 ,16.75 ,17.91 ,31.51 ,47.66 
3.97 ,1068.29 ,966.22 ,1.03 ,1.42 ,0.56 ,42.06 ,546741.50 ,0.04 ,74.27 ,663.00 ,8.00 ,5.00 ,34.00 ,1.00 ,11.00 ,40.80 ,100.00 ,89.89 ,12.81 ,46.09 ,54.94 ,-53.13 
25.50 ,283.31 ,215.16 ,1.44 ,0.90 ,1.23 ,2.61 ,5024795.00 ,0.21 ,101.41 ,1902.00 ,12.00 ,5.00 ,34.00 ,46.00 ,9.00 ,43.20 ,100.00 ,30.99 ,322.60 ,18.98 ,31.44 ,-13.20 
33.29 ,229.35 ,179.17 ,2.30 ,0.73 ,0.51 ,-16.89 ,1486220.00 ,0.11 ,125.30 ,845.00 ,5.00 ,8.00 ,37.00 ,69.00 ,21.00 ,39.90 ,100.00 ,65.91 ,0.16 ,41.02 ,87.46 ,14.44 
13.59 ,749.38 ,679.58 ,0.82 ,1.51 ,2.35 ,21.44 ,526762.00 ,0.15 ,60.27 ,282.00 ,21.00 ,7.00 ,36.00 ,1.50 ,14.00 ,10.70 ,53.80 ,66.36 ,22.37 ,10.81 ,19.68 ,-12.96 
19.49 ,425.89 ,380.46 ,3.39 ,1.33 ,3.28 ,13.57 ,25430344.50 ,0.18 ,68.95 ,6746.00 ,14.00 ,3.00 ,32.00 ,93.00 ,7.00 ,52.60 ,100.00 ,90.23 ,3863.30 ,24.48 ,30.01 ,-20.02 
17.01 ,452.68 ,365.23 ,1.85 ,1.54 ,1.81 ,23.81 ,1595356.50 ,0.21 ,60.52 ,605.00 ,6.00 ,7.00 ,36.00 ,10.00 ,21.00 ,33.70 ,28.10 ,57.13 ,77.50 ,15.54 ,24.67 ,15.97 
18.82 ,499.09 ,272.06 ,2.13 ,0.48 ,3.32 ,-49.16 ,1305719.50 ,0.17 ,190.33 ,331.00 ,9.00 ,5.00 ,37.00 ,2.50 ,10.00 ,31.50 ,100.00 ,56.76 ,120.56 ,9.87 ,14.68 ,-7.65 
11.38 ,536.84 ,438.87 ,1.53 ,0.96 ,8.55 ,-0.36 ,956102.00 ,0.13 ,95.11 ,544.00 ,8.00 ,6.00 ,37.00 ,7.50 ,5.00 ,34.50 ,34.50 ,34.31 ,69.21 ,18.55 ,32.66 ,-8.23 
42.16 ,194.21 ,168.57 ,0.85 ,1.80 ,5.70 ,9.61 ,9126533.50 ,0.24 ,50.58 ,1339.00 ,7.00 ,4.00 ,35.00 ,39.50 ,8.00 ,24.40 ,86.30 ,74.25 ,808.94 ,9.62 ,13.13 ,15.45 
20.63 ,302.79 ,254.47 ,1.45 ,1.77 ,1.93 ,18.58 ,1694107.50 ,0.21 ,51.71 ,681.00 ,17.00 ,5.00 ,36.00 ,8.50 ,10.00 ,32.80 ,76.50 ,46.82 ,128.34 ,21.42 ,30.76 ,15.23 
16.49 ,448.30 ,425.88 ,2.35 ,2.31 ,1.62 ,21.29 ,894569.50 ,0.13 ,39.56 ,200.00 ,14.00 ,5.00 ,33.00 ,1.00 ,3.00 ,45.20 ,100.00 ,95.53 ,116.93 ,19.23 ,31.93 ,-35.85 
6.51 ,1330.59 ,1238.82 ,1.21 ,1.07 ,0.67 ,60.22 ,125449.00 ,0.09 ,84.85 ,75.00 ,1.00 ,8.00 ,43.00 ,0.00 ,4.00 ,62.90 ,100.00 ,79.03 ,10.90 ,18.83 ,38.15 ,-17.18 
34.02 ,256.52 ,142.45 ,2.16 ,1.60 ,6.56 ,7.50 ,2774129.00 ,0.59 ,57.21 ,494.00 ,8.00 ,4.00 ,36.00 ,3.00 ,4.00 ,28.00 ,78.60 ,77.79 ,52.89 ,9.14 ,13.42 ,27.60 
51.13 ,175.84 ,82.13 ,2.17 ,1.24 ,9.60 ,-7.85 ,1638913.50 ,0.54 ,73.42 ,376.00 ,16.00 ,2.00 ,33.00 ,1.00 ,1.00 ,14.30 ,100.00 ,85.11 ,41.75 ,7.23 ,10.89 ,62.39 
17.91 ,537.97 ,454.71 ,0.77 ,0.98 ,13.62 ,31.90 ,319373.50 ,0.19 ,93.26 ,133.00 ,15.00 ,5.00 ,35.00 ,3.00 ,6.00 ,41.30 ,96.30 ,97.63 ,25.45 ,11.45 ,26.53 ,-28.16 
30.19 ,268.65 ,204.31 ,1.32 ,1.33 ,3.43 ,26.88 ,3022257.00 ,0.36 ,69.98 ,679.00 ,2.00 ,4.00 ,34.00 ,24.00 ,7.00 ,35.30 ,64.20 ,47.28 ,484.92 ,10.03 ,20.24 ,17.92 
33.32 ,240.35 ,170.07 ,1.23 ,1.28 ,2.68 ,3.10 ,1285158.50 ,0.26 ,71.80 ,336.00 ,41.00 ,3.00 ,35.00 ,7.00 ,11.00 ,25.50 ,100.00 ,77.97 ,46.68 ,14.40 ,18.75 ,-6.48 
22.64 ,345.29 ,261.79 ,0.84 ,0.91 ,4.05 ,10.44 ,1213536.00 ,0.23 ,100.39 ,284.00 ,2.00 ,6.00 ,36.00 ,0.00 ,2.00 ,34.70 ,77.50 ,82.46 ,165.37 ,9.00 ,15.35 ,6.63 
29.88 ,441.60 ,223.19 ,0.78 ,0.67 ,9.46 ,-15.55 ,903729.50 ,0.26 ,136.65 ,117.00 ,1.00 ,5.00 ,36.00 ,0.50 ,3.00 ,15.10 ,70.70 ,74.11 ,11.75 ,4.19 ,8.17 ,7.41 
18.36 ,478.03 ,440.42 ,1.88 ,1.39 ,3.74 ,12.57 ,1046023.00 ,0.14 ,66.14 ,198.00 ,6.00 ,4.00 ,35.00 ,18.00 ,2.00 ,42.50 ,100.00 ,89.59 ,67.82 ,12.03 ,20.84 ,-4.71 
23.05 ,377.50 ,239.49 ,0.99 ,0.83 ,10.22 ,17.38 ,223057.50 ,0.34 ,109.82 ,102.00 ,8.00 ,5.00 ,35.00 ,0.50 ,4.00 ,32.80 ,46.20 ,32.00 ,16.93 ,14.77 ,20.33 ,4.86 
18.52 ,396.66 ,354.08 ,1.19 ,2.47 ,1.11 ,24.62 ,297098.00 ,0.24 ,37.34 ,127.00 ,13.00 ,4.00 ,33.00 ,6.50 ,2.00 ,31.20 ,94.00 ,19.92 ,23.54 ,12.22 ,17.26 ,29.26 
11.44 ,524.24 ,510.25 ,2.46 ,0.00 ,0.63 ,72.85 ,221456.50 ,0.20 ,0.00 ,194.00 ,11.00 ,4.00 ,34.00 ,3.50 ,3.00 ,20.60 ,100.00 ,43.27 ,19.78 ,29.64 ,46.45 ,19.52 
16.20 ,603.42 ,511.28 ,2.22 ,0.78 ,31.49 ,-5.93 ,173603.50 ,0.17 ,116.97 ,142.00 ,3.00 ,3.00 ,34.00 ,1.50 ,2.00 ,39.70 ,93.20 ,44.27 ,33.95 ,20.71 ,34.30 ,54.64 
4.18 ,922.80 ,817.25 ,1.19 ,1.08 ,0.41 ,6.99 ,392730.50 ,0.03 ,86.71 ,663.00 ,8.00 ,5.00 ,34.00 ,0.50 ,11.00 ,41.15 ,100.00 ,84.97 ,0.64 ,59.78 ,71.35 ,-41.94 
21.16 ,314.75 ,244.10 ,1.59 ,1.07 ,1.29 ,10.84 ,5058854.50 ,0.23 ,88.14 ,1902.00 ,12.00 ,5.00 ,34.00 ,48.50 ,9.50 ,43.65 ,100.00 ,33.08 ,293.12 ,17.13 ,30.78 ,-12.06 
32.68 ,252.94 ,198.65 ,2.64 ,0.69 ,0.53 ,-23.13 ,1504402.00 ,0.11 ,134.90 ,845.00 ,5.00 ,8.00 ,37.00 ,63.50 ,20.50 ,39.85 ,100.00 ,69.08 ,0.08 ,45.61 ,89.41 ,14.90 
13.99 ,724.69 ,656.43 ,0.84 ,1.56 ,2.25 ,17.34 ,501045.50 ,0.14 ,58.63 ,282.00 ,21.00 ,7.00 ,36.00 ,1.50 ,19.50 ,8.00 ,55.65 ,61.96 ,11.19 ,10.43 ,19.02 ,-14.42 
18.23 ,461.87 ,411.66 ,2.92 ,1.19 ,2.73 ,13.03 ,21273455.00 ,0.15 ,76.61 ,6746.00 ,14.00 ,3.00 ,32.00 ,100.00 ,7.00 ,48.15 ,100.00 ,90.45 ,2788.77 ,25.43 ,31.55 ,-30.66 
16.60 ,461.64 ,364.97 ,1.91 ,1.16 ,1.46 ,7.72 ,1281289.50 ,0.17 ,79.69 ,605.00 ,6.00 ,7.00 ,36.00 ,15.50 ,21.00 ,33.95 ,36.65 ,64.38 ,61.25 ,17.42 ,29.57 ,-1.87 
18.84 ,495.13 ,265.53 ,2.59 ,0.50 ,3.18 ,-13.62 ,1377618.50 ,0.19 ,181.10 ,331.00 ,9.00 ,5.00 ,37.00 ,3.50 ,10.50 ,29.70 ,100.00 ,61.28 ,60.28 ,9.41 ,13.82 ,-19.57 
12.17 ,509.12 ,417.84 ,1.60 ,0.99 ,7.32 ,15.34 ,981383.00 ,0.14 ,92.44 ,544.00 ,8.00 ,6.00 ,37.00 ,7.00 ,5.00 ,32.95 ,32.95 ,35.71 ,34.60 ,16.98 ,30.31 ,-6.29 
40.56 ,203.80 ,176.55 ,0.84 ,1.67 ,5.42 ,8.73 ,8565309.50 ,0.23 ,54.63 ,1339.00 ,7.00 ,4.00 ,35.00 ,49.50 ,8.00 ,24.00 ,87.45 ,75.19 ,730.52 ,10.33 ,13.73 ,7.95 
18.90 ,340.63 ,286.85 ,1.35 ,1.53 ,1.71 ,14.62 ,1482538.00 ,0.18 ,60.29 ,681.00 ,17.00 ,5.00 ,36.00 ,10.00 ,10.00 ,29.10 ,78.15 ,51.06 ,73.10 ,22.15 ,32.86 ,3.57 
15.77 ,479.32 ,446.51 ,2.30 ,1.91 ,1.42 ,9.78 ,792258.00 ,0.11 ,48.63 ,200.00 ,14.00 ,5.00 ,33.00 ,0.00 ,3.00 ,34.80 ,100.00 ,97.41 ,99.78 ,20.86 ,34.76 ,-39.65 
6.68 ,1303.42 ,1214.65 ,1.16 ,1.05 ,0.55 ,41.20 ,102466.50 ,0.08 ,87.38 ,75.00 ,1.00 ,8.00 ,43.00 ,0.00 ,4.50 ,63.25 ,99.85 ,77.66 ,5.45 ,24.04 ,46.45 ,-29.82 
29.73 ,298.19 ,187.52 ,1.91 ,1.49 ,5.90 ,36.95 ,2442438.00 ,0.52 ,61.58 ,494.00 ,8.00 ,4.00 ,36.00 ,0.50 ,4.00 ,32.45 ,79.35 ,68.45 ,56.11 ,10.06 ,14.70 ,14.26 
17.26 ,545.91 ,485.94 ,1.27 ,1.38 ,6.25 ,5.93 ,255298.50 ,0.19 ,67.55 ,115.00 ,20.00 ,3.00 ,35.00 ,8.00 ,1.00 ,37.90 ,83.10 ,6.87 ,32.94 ,12.63 ,19.75 ,-13.73 
46.92 ,192.71 ,100.07 ,2.21 ,1.28 ,9.92 ,8.58 ,1725608.00 ,0.55 ,71.23 ,376.00 ,16.00 ,2.00 ,33.00 ,2.00 ,1.00 ,14.65 ,100.00 ,83.06 ,66.52 ,6.75 ,10.11 ,77.85 
19.91 ,453.18 ,367.38 ,1.69 ,0.78 ,4.07 ,2.75 ,843336.00 ,0.18 ,116.63 ,378.00 ,11.00 ,7.00 ,38.00 ,8.00 ,5.00 ,47.80 ,45.70 ,82.39 ,79.76 ,17.68 ,30.40 ,-5.36 
17.83 ,536.90 ,466.40 ,0.80 ,1.06 ,13.29 ,22.18 ,295284.50 ,0.18 ,86.16 ,133.00 ,15.00 ,5.00 ,35.00 ,3.00 ,7.00 ,37.55 ,96.25 ,97.20 ,12.73 ,12.35 ,29.04 ,-28.44 
28.69 ,282.63 ,208.79 ,1.36 ,1.10 ,3.02 ,20.44 ,2718882.00 ,0.32 ,83.31 ,679.00 ,2.00 ,4.00 ,34.00 ,23.50 ,7.50 ,35.85 ,62.85 ,50.95 ,411.31 ,10.81 ,20.96 ,1.08 
28.11 ,271.70 ,193.93 ,1.19 ,1.11 ,2.41 ,-0.81 ,1122555.50 ,0.24 ,82.02 ,336.00 ,41.00 ,3.00 ,35.00 ,6.00 ,11.00 ,29.00 ,100.00 ,77.34 ,36.53 ,15.41 ,20.61 ,-13.63 
21.94 ,349.99 ,267.95 ,0.87 ,0.93 ,2.74 ,12.07 ,1209404.00 ,0.23 ,97.89 ,284.00 ,2.00 ,6.00 ,36.00 ,0.00 ,2.00 ,32.60 ,79.50 ,83.22 ,126.95 ,9.10 ,16.13 ,8.13 
29.17 ,485.61 ,248.66 ,0.75 ,0.64 ,6.11 ,10.02 ,802933.50 ,0.25 ,143.85 ,117.00 ,1.00 ,5.00 ,36.00 ,0.00 ,3.50 ,12.20 ,66.10 ,73.81 ,5.88 ,4.55 ,8.50 ,-2.84 
18.69 ,474.56 ,437.01 ,1.75 ,1.20 ,3.09 ,12.51 ,843054.00 ,0.11 ,76.25 ,198.00 ,6.00 ,4.00 ,35.00 ,20.50 ,2.00 ,42.50 ,100.00 ,89.59 ,67.82 ,12.84 ,22.54 ,-20.67 
21.86 ,400.25 ,258.23 ,0.99 ,0.78 ,10.51 ,19.10 ,211591.00 ,0.33 ,117.09 ,102.00 ,8.00 ,5.00 ,35.00 ,1.00 ,4.00 ,32.80 ,46.20 ,32.00 ,16.93 ,14.31 ,20.17 ,1.64 
19.54 ,382.11 ,330.29 ,1.31 ,2.15 ,1.12 ,14.72 ,296041.50 ,0.24 ,42.44 ,127.00 ,13.00 ,4.00 ,33.00 ,0.00 ,2.00 ,31.20 ,94.00 ,19.92 ,23.54 ,12.32 ,17.35 ,27.19 
9.27 ,809.10 ,801.37 ,2.71 ,0.00 ,0.54 ,67.51 ,185277.00 ,0.15 ,0.00 ,194.00 ,11.00 ,4.00 ,34.00 ,7.00 ,3.00 ,20.60 ,100.00 ,43.27 ,19.78 ,35.80 ,55.92 ,0.54 
17.31 ,574.90 ,494.48 ,2.54 ,1.10 ,44.83 ,11.11 ,234579.50 ,0.22 ,90.38 ,142.00 ,3.00 ,3.00 ,34.00 ,4.00 ,2.00 ,39.70 ,93.20 ,44.27 ,33.95 ,17.07 ,28.00 ,90.03 
4.48 ,849.73 ,760.58 ,1.57 ,1.39 ,0.53 ,-21.24 ,497448.50 ,0.04 ,66.10 ,663.00 ,8.00 ,5.00 ,34.00 ,1.00 ,11.00 ,41.50 ,100.00 ,84.97 ,0.00 ,57.64 ,72.92 ,-32.41 
26.95 ,256.06 ,209.09 ,1.72 ,1.42 ,1.56 ,20.96 ,5864134.00 ,0.27 ,65.07 ,1902.00 ,12.00 ,5.00 ,34.00 ,49.00 ,10.00 ,44.10 ,100.00 ,33.08 ,263.64 ,17.01 ,28.65 ,-3.91 
36.15 ,274.86 ,215.36 ,2.70 ,0.58 ,0.50 ,-27.14 ,1407641.00 ,0.11 ,158.20 ,845.00 ,5.00 ,8.00 ,37.00 ,60.00 ,20.00 ,39.80 ,100.00 ,69.08 ,0.00 ,49.53 ,90.26 ,2.35 
17.57 ,588.09 ,526.92 ,0.90 ,1.62 ,2.45 ,2.08 ,536117.00 ,0.15 ,56.32 ,282.00 ,21.00 ,7.00 ,36.00 ,1.00 ,25.00 ,5.30 ,57.50 ,61.96 ,0.00 ,9.00 ,16.94 ,-12.32 
25.31 ,367.86 ,327.74 ,2.81 ,1.18 ,2.51 ,6.78 ,20424488.50 ,0.15 ,77.60 ,6746.00 ,14.00 ,3.00 ,32.00 ,91.50 ,7.00 ,43.70 ,100.00 ,90.45 ,1714.24 ,24.62 ,30.69 ,-34.61 
21.47 ,369.34 ,299.32 ,2.03 ,1.13 ,1.55 ,7.02 ,1347775.00 ,0.18 ,81.40 ,605.00 ,6.00 ,7.00 ,36.00 ,12.50 ,21.00 ,34.20 ,45.20 ,64.38 ,45.00 ,16.25 ,27.73 ,-12.10 
20.95 ,441.41 ,248.90 ,2.68 ,0.54 ,3.70 ,9.51 ,1591106.00 ,0.23 ,167.53 ,331.00 ,9.00 ,5.00 ,37.00 ,4.50 ,11.00 ,27.90 ,100.00 ,61.28 ,0.00 ,10.02 ,14.54 ,-26.96 
15.03 ,398.89 ,324.96 ,1.63 ,1.04 ,4.97 ,12.92 ,1039700.00 ,0.14 ,87.97 ,544.00 ,8.00 ,6.00 ,37.00 ,6.00 ,5.00 ,31.40 ,31.40 ,35.71 ,0.00 ,16.35 ,29.14 ,-6.68 
43.95 ,190.99 ,166.83 ,0.90 ,1.72 ,5.69 ,6.36 ,8862751.00 ,0.23 ,53.06 ,1339.00 ,7.00 ,4.00 ,35.00 ,46.50 ,8.00 ,23.60 ,88.60 ,75.19 ,652.09 ,10.82 ,13.88 ,-1.91 
21.22 ,315.94 ,269.27 ,1.33 ,1.51 ,1.67 ,10.62 ,1421021.50 ,0.17 ,61.00 ,681.00 ,17.00 ,5.00 ,36.00 ,8.00 ,10.00 ,25.40 ,79.80 ,51.06 ,17.87 ,21.40 ,34.41 ,-12.04 
20.07 ,400.38 ,367.43 ,2.45 ,1.67 ,1.47 ,-3.94 ,812927.00 ,0.12 ,54.75 ,200.00 ,14.00 ,5.00 ,33.00 ,0.50 ,3.00 ,24.40 ,100.00 ,97.41 ,82.62 ,19.92 ,32.24 ,-30.19 
9.01 ,1008.78 ,940.76 ,1.21 ,0.93 ,0.52 ,12.87 ,96095.00 ,0.07 ,98.49 ,75.00 ,1.00 ,8.00 ,43.00 ,0.00 ,5.00 ,63.60 ,99.70 ,77.66 ,0.00 ,26.72 ,49.85 ,-35.40 
33.13 ,274.62 ,185.76 ,1.93 ,1.52 ,5.33 ,40.56 ,2116489.00 ,0.45 ,60.76 ,494.00 ,8.00 ,4.00 ,36.00 ,1.00 ,4.00 ,36.90 ,80.10 ,68.45 ,59.33 ,10.85 ,15.89 ,-9.79 
22.22 ,454.88 ,399.55 ,1.27 ,1.12 ,6.14 ,3.04 ,251973.00 ,0.18 ,81.88 ,115.00 ,20.00 ,3.00 ,35.00 ,4.00 ,1.00 ,39.60 ,85.60 ,6.87 ,24.14 ,14.31 ,21.24 ,-21.60 
25.59 ,381.20 ,312.50 ,1.81 ,0.88 ,4.61 ,-4.03 ,931604.50 ,0.20 ,106.18 ,378.00 ,11.00 ,7.00 ,38.00 ,7.50 ,5.00 ,47.20 ,48.70 ,82.39 ,64.00 ,15.76 ,26.66 ,-10.45 
21.83 ,440.24 ,389.38 ,0.75 ,1.16 ,11.99 ,4.12 ,267940.50 ,0.16 ,78.99 ,133.00 ,15.00 ,5.00 ,35.00 ,3.00 ,8.00 ,33.80 ,96.20 ,97.20 ,0.00 ,13.51 ,32.87 ,-30.20 
35.85 ,237.07 ,172.65 ,1.50 ,1.04 ,3.10 ,12.53 ,2824442.50 ,0.32 ,88.03 ,679.00 ,2.00 ,4.00 ,34.00 ,31.00 ,8.00 ,36.40 ,61.50 ,50.95 ,337.70 ,11.00 ,21.03 ,-7.06 
24.51 ,295.35 ,209.81 ,1.23 ,1.27 ,2.17 ,11.11 ,1126334.50 ,0.25 ,73.67 ,336.00 ,41.00 ,3.00 ,35.00 ,5.00 ,11.00 ,32.50 ,100.00 ,77.34 ,26.37 ,15.51 ,21.11 ,-18.76 
28.59 ,286.52 ,221.52 ,0.87 ,0.99 ,2.72 ,10.39 ,1259747.50 ,0.24 ,91.95 ,284.00 ,2.00 ,6.00 ,36.00 ,0.00 ,2.00 ,30.50 ,81.50 ,83.22 ,88.53 ,7.74 ,15.20 ,-2.31 
32.92 ,423.58 ,227.74 ,0.74 ,0.65 ,4.01 ,13.03 ,762703.50 ,0.24 ,141.38 ,117.00 ,1.00 ,5.00 ,36.00 ,0.00 ,4.00 ,9.30 ,61.50 ,73.81 ,0.00 ,4.56 ,10.09 ,-15.12 
23.38 ,385.46 ,354.12 ,1.82 ,1.14 ,3.10 ,6.21 ,833512.50 ,0.11 ,79.80 ,198.00 ,6.00 ,4.00 ,35.00 ,21.50 ,2.00 ,42.50 ,100.00 ,89.59 ,67.82 ,12.88 ,23.32 ,-31.11 
28.84 ,316.24 ,213.58 ,1.04 ,0.87 ,13.32 ,22.43 ,237092.00 ,0.35 ,106.58 ,102.00 ,8.00 ,5.00 ,35.00 ,1.50 ,4.00 ,32.80 ,46.20 ,32.00 ,16.93 ,12.67 ,18.28 ,1.57 
23.14 ,326.35 ,285.76 ,1.37 ,2.20 ,1.22 ,4.60 ,322515.00 ,0.25 ,41.42 ,127.00 ,13.00 ,4.00 ,33.00 ,0.00 ,2.00 ,31.20 ,94.00 ,19.92 ,23.54 ,11.37 ,16.44 ,0.52 
12.15 ,743.69 ,738.49 ,2.97 ,0.00 ,0.47 ,22.77 ,172616.00 ,0.11 ,0.00 ,194.00 ,11.00 ,4.00 ,34.00 ,6.00 ,3.00 ,20.60 ,100.00 ,43.27 ,19.78 ,35.06 ,54.02 ,-12.39 
24.31 ,401.87 ,341.48 ,2.49 ,1.29 ,63.96 ,22.16 ,318036.50 ,0.27 ,71.39 ,142.00 ,3.00 ,3.00 ,34.00 ,16.00 ,2.00 ,39.70 ,93.20 ,44.27 ,33.95 ,11.95 ,19.97 ,101.94 
3.93 ,1068.00 ,1001.73 ,1.32 ,1.70 ,0.46 ,41.93 ,420912.50 ,0.04 ,54.29 ,663.00 ,8.00 ,5.00 ,34.00 ,1.50 ,11.00 ,41.50 ,100.00 ,84.97 ,0.00 ,68.13 ,88.11 ,-52.30 
42.20 ,222.87 ,171.30 ,2.75 ,0.60 ,0.47 ,-15.16 ,1320256.50 ,0.11 ,153.75 ,845.00 ,5.00 ,8.00 ,37.00 ,44.00 ,20.00 ,39.80 ,100.00 ,69.08 ,0.00 ,42.51 ,89.40 ,-8.34 
18.63 ,538.42 ,477.47 ,0.88 ,1.57 ,2.54 ,3.14 ,556138.00 ,0.17 ,58.22 ,282.00 ,21.00 ,7.00 ,36.00 ,2.00 ,25.00 ,5.30 ,57.50 ,61.96 ,0.00 ,8.85 ,16.72 ,-6.24 
26.54 ,327.57 ,292.62 ,2.85 ,1.36 ,2.51 ,8.87 ,22178815.00 ,0.16 ,67.89 ,6746.00 ,14.00 ,3.00 ,32.00 ,94.00 ,7.00 ,43.70 ,100.00 ,90.45 ,1714.24 ,23.59 ,29.93 ,-23.50 
22.23 ,353.13 ,290.97 ,1.91 ,1.23 ,1.68 ,-0.72 ,1448583.00 ,0.20 ,73.88 ,605.00 ,6.00 ,7.00 ,36.00 ,4.50 ,21.00 ,34.20 ,45.20 ,64.38 ,45.00 ,15.43 ,25.65 ,-20.47 
18.02 ,533.28 ,295.99 ,2.12 ,0.50 ,3.11 ,-10.83 ,1338099.50 ,0.20 ,184.31 ,331.00 ,9.00 ,5.00 ,37.00 ,4.50 ,11.00 ,27.90 ,100.00 ,61.28 ,0.00 ,10.04 ,15.54 ,-30.36 
13.93 ,424.58 ,342.09 ,1.52 ,1.06 ,3.16 ,7.82 ,991233.00 ,0.14 ,86.16 ,544.00 ,8.00 ,6.00 ,37.00 ,6.00 ,5.00 ,31.40 ,31.40 ,35.71 ,0.00 ,17.90 ,31.19 ,-3.18 
44.50 ,187.64 ,165.70 ,0.91 ,1.90 ,5.90 ,7.98 ,9156630.00 ,0.24 ,48.04 ,1339.00 ,7.00 ,4.00 ,35.00 ,43.00 ,8.00 ,23.60 ,88.60 ,75.19 ,652.09 ,10.80 ,13.77 ,-3.29 
20.92 ,332.50 ,282.81 ,1.39 ,1.61 ,1.77 ,14.91 ,1479074.50 ,0.18 ,56.58 ,681.00 ,17.00 ,5.00 ,36.00 ,7.00 ,10.00 ,25.40 ,79.80 ,51.06 ,17.87 ,21.37 ,31.06 ,-13.99 
19.92 ,389.18 ,345.90 ,2.34 ,1.69 ,1.63 ,-4.54 ,908224.00 ,0.14 ,54.04 ,200.00 ,14.00 ,5.00 ,33.00 ,0.50 ,3.00 ,24.40 ,100.00 ,97.41 ,82.62 ,18.97 ,30.74 ,-9.63 
11.45 ,716.90 ,669.20 ,1.32 ,0.94 ,0.54 ,8.96 ,99600.50 ,0.07 ,97.80 ,75.00 ,1.00 ,8.00 ,43.00 ,0.00 ,5.00 ,63.60 ,99.70 ,77.66 ,0.00 ,25.80 ,47.93 ,-31.66 
37.77 ,233.08 ,158.14 ,2.03 ,1.81 ,6.19 ,5.06 ,2354421.50 ,0.48 ,50.69 ,494.00 ,8.00 ,4.00 ,36.00 ,0.00 ,4.00 ,36.90 ,80.10 ,68.45 ,59.33 ,9.34 ,14.21 ,-11.71 
21.58 ,476.34 ,417.67 ,1.22 ,1.09 ,5.81 ,9.32 ,255512.50 ,0.18 ,83.50 ,115.00 ,20.00 ,3.00 ,35.00 ,3.00 ,1.00 ,39.60 ,85.60 ,6.87 ,24.14 ,12.42 ,22.98 ,-25.92 
26.60 ,344.48 ,279.12 ,1.61 ,0.93 ,4.52 ,39.29 ,948725.50 ,0.20 ,98.72 ,378.00 ,11.00 ,7.00 ,38.00 ,7.00 ,5.00 ,47.20 ,48.70 ,82.39 ,64.00 ,15.35 ,26.33 ,-17.72 
18.56 ,567.59 ,481.18 ,0.74 ,1.10 ,10.09 ,13.29 ,247558.50 ,0.15 ,83.14 ,133.00 ,15.00 ,5.00 ,35.00 ,2.00 ,8.00 ,33.80 ,96.20 ,97.20 ,0.00 ,14.30 ,35.06 ,-29.52 
35.96 ,230.37 ,164.21 ,1.48 ,1.03 ,3.09 ,9.29 ,2890797.00 ,0.33 ,88.53 ,679.00 ,2.00 ,4.00 ,34.00 ,28.00 ,8.00 ,36.40 ,61.50 ,50.95 ,337.70 ,11.59 ,22.20 ,-12.69 
23.61 ,303.78 ,221.20 ,1.26 ,1.52 ,2.16 ,24.45 ,1204437.00 ,0.28 ,60.34 ,336.00 ,41.00 ,3.00 ,35.00 ,7.50 ,11.00 ,32.50 ,100.00 ,77.34 ,26.37 ,15.80 ,20.40 ,-13.96 
28.54 ,283.21 ,220.27 ,0.83 ,1.02 ,2.61 ,17.75 ,1241220.00 ,0.24 ,89.79 ,284.00 ,2.00 ,6.00 ,36.00 ,0.00 ,2.00 ,30.50 ,81.50 ,83.22 ,88.53 ,8.08 ,15.94 ,-5.47 
33.37 ,426.01 ,231.80 ,0.75 ,0.66 ,3.57 ,12.70 ,763649.00 ,0.24 ,138.96 ,117.00 ,1.00 ,5.00 ,36.00 ,0.00 ,4.00 ,9.30 ,61.50 ,73.81 ,0.00 ,5.14 ,10.66 ,-20.80 
23.19 ,381.34 ,349.40 ,1.86 ,1.15 ,3.22 ,0.95 ,862245.50 ,0.11 ,79.22 ,198.00 ,6.00 ,4.00 ,35.00 ,17.50 ,2.00 ,42.50 ,100.00 ,89.59 ,67.82 ,13.78 ,24.67 ,-31.44 
28.38 ,325.44 ,213.34 ,1.01 ,0.86 ,15.65 ,16.11 ,245264.00 ,0.35 ,107.79 ,102.00 ,8.00 ,5.00 ,35.00 ,1.50 ,4.00 ,32.80 ,46.20 ,32.00 ,16.93 ,12.93 ,18.95 ,0.54 
21.87 ,343.54 ,305.67 ,1.12 ,2.20 ,1.02 ,18.84 ,271805.50 ,0.21 ,41.42 ,127.00 ,13.00 ,4.00 ,33.00 ,0.50 ,2.00 ,31.20 ,94.00 ,19.92 ,23.54 ,13.76 ,19.90 ,-21.53 
11.10 ,875.48 ,865.80 ,2.96 ,0.00 ,0.41 ,28.69 ,173869.00 ,0.10 ,0.00 ,194.00 ,11.00 ,4.00 ,34.00 ,5.50 ,3.00 ,20.60 ,100.00 ,43.27 ,19.78 ,31.01 ,48.43 ,-25.45 
22.65 ,434.03 ,367.22 ,2.11 ,1.17 ,66.73 ,3.88 ,335710.50 ,0.26 ,77.84 ,142.00 ,3.00 ,3.00 ,34.00 ,15.50 ,2.00 ,39.70 ,93.20 ,44.27 ,33.95 ,11.98 ,19.95 ,91.97 
3.29 ,1155.13 ,1091.21 ,0.82 ,1.34 ,0.23 ,48.99 ,212167.50 ,0.02 ,82.14 ,436.00 ,35.00 ,6.00 ,34.00 ,1.50 ,11.00 ,41.50 ,100.00 ,72.20 ,0.00 ,226.60 ,308.52 ,-65.01 
39.18 ,215.40 ,170.05 ,3.01 ,0.62 ,0.45 ,-8.29 ,1267883.50 ,0.11 ,146.16 ,801.00 ,11.00 ,8.00 ,37.00 ,37.00 ,20.00 ,39.80 ,100.00 ,70.98 ,0.00 ,48.32 ,104.24 ,-14.58 
24.64 ,282.62 ,233.24 ,1.19 ,0.96 ,1.51 ,13.93 ,2068968.00 ,0.13 ,96.33 ,534.00 ,13.00 ,6.00 ,36.00 ,14.50 ,24.00 ,30.30 ,100.00 ,93.31 ,0.00 ,40.73 ,52.71 ,-27.85 
15.01 ,691.33 ,616.87 ,0.81 ,1.51 ,2.26 ,22.52 ,513102.50 ,0.17 ,60.55 ,273.00 ,0.00 ,8.00 ,38.00 ,2.50 ,25.00 ,5.30 ,57.50 ,63.97 ,0.00 ,9.41 ,17.85 ,-2.64 
20.56 ,387.37 ,348.54 ,2.88 ,1.53 ,2.46 ,19.29 ,23004258.50 ,0.17 ,59.74 ,6999.00 ,7.00 ,4.00 ,32.00 ,117.50 ,7.00 ,43.70 ,100.00 ,90.09 ,1714.24 ,24.22 ,31.47 ,-8.63 
18.62 ,416.53 ,340.87 ,1.84 ,1.25 ,1.60 ,11.55 ,1374661.50 ,0.19 ,73.13 ,686.00 ,4.00 ,6.00 ,36.00 ,5.00 ,21.00 ,34.20 ,45.20 ,67.94 ,45.00 ,13.83 ,23.31 ,-12.15 
14.98 ,602.29 ,348.87 ,1.98 ,0.49 ,2.63 ,18.12 ,1138645.00 ,0.17 ,188.82 ,329.00 ,7.00 ,6.00 ,38.00 ,4.00 ,11.00 ,27.90 ,100.00 ,61.60 ,0.00 ,9.41 ,15.95 ,-10.83 
13.21 ,516.73 ,425.65 ,1.55 ,1.14 ,2.51 ,18.77 ,920378.50 ,0.15 ,80.70 ,558.00 ,7.00 ,6.00 ,37.00 ,3.00 ,5.00 ,31.40 ,31.40 ,35.08 ,0.00 ,19.42 ,33.11 ,-3.72 
40.47 ,205.52 ,182.40 ,0.83 ,1.97 ,5.53 ,5.32 ,8672360.50 ,0.24 ,46.40 ,1451.00 ,5.00 ,5.00 ,35.00 ,48.00 ,8.00 ,23.60 ,88.60 ,72.46 ,652.09 ,11.17 ,14.41 ,-4.95 
16.59 ,411.08 ,353.34 ,1.38 ,1.58 ,1.73 ,22.98 ,1417554.50 ,0.18 ,57.68 ,707.00 ,15.00 ,5.00 ,36.00 ,6.50 ,10.00 ,25.40 ,79.80 ,61.05 ,17.87 ,22.80 ,30.61 ,-16.28 
15.38 ,470.24 ,425.86 ,2.02 ,2.15 ,1.83 ,19.70 ,1028664.00 ,0.16 ,44.24 ,214.00 ,12.00 ,5.00 ,33.00 ,0.50 ,3.00 ,24.40 ,100.00 ,97.44 ,82.62 ,18.19 ,30.01 ,16.11 
8.19 ,1476.24 ,1368.11 ,1.10 ,0.66 ,0.44 ,26.54 ,80311.50 ,0.06 ,202.83 ,86.00 ,4.00 ,8.00 ,44.00 ,0.00 ,5.00 ,63.60 ,99.70 ,79.30 ,0.00 ,31.73 ,57.87 ,-37.24 
34.46 ,257.20 ,179.50 ,1.78 ,1.92 ,6.62 ,9.13 ,2457132.50 ,0.49 ,47.46 ,481.00 ,12.00 ,5.00 ,37.00 ,1.50 ,4.00 ,36.90 ,80.10 ,68.27 ,59.33 ,8.63 ,13.32 ,-11.40 
14.24 ,659.36 ,583.09 ,1.11 ,1.11 ,4.93 ,19.88 ,234857.00 ,0.17 ,82.37 ,110.00 ,22.00 ,3.00 ,36.00 ,7.00 ,1.00 ,39.60 ,85.60 ,7.62 ,24.14 ,11.60 ,26.11 ,-20.49 
19.37 ,440.98 ,354.38 ,1.43 ,0.81 ,3.44 ,61.82 ,828081.00 ,0.18 ,113.26 ,382.00 ,8.00 ,7.00 ,39.00 ,6.50 ,5.00 ,47.20 ,48.70 ,83.54 ,64.00 ,17.18 ,29.84 ,-14.34 
12.09 ,784.33 ,651.97 ,0.71 ,0.84 ,8.14 ,15.83 ,208090.00 ,0.14 ,114.44 ,123.00 ,21.00 ,5.00 ,36.00 ,1.50 ,8.00 ,33.80 ,96.20 ,97.50 ,0.00 ,16.33 ,40.82 ,-35.19 
27.04 ,291.56 ,214.45 ,1.34 ,1.08 ,2.83 ,26.84 ,2733192.50 ,0.34 ,84.66 ,728.00 ,4.00 ,5.00 ,34.00 ,28.50 ,8.00 ,36.40 ,61.50 ,50.57 ,337.70 ,12.89 ,24.48 ,-8.99 
20.15 ,377.54 ,299.56 ,0.77 ,0.99 ,2.27 ,35.73 ,1119796.00 ,0.23 ,92.65 ,284.00 ,2.00 ,7.00 ,37.00 ,0.00 ,2.00 ,30.50 ,81.50 ,78.29 ,88.53 ,9.01 ,17.78 ,-7.91 
30.55 ,380.40 ,214.28 ,0.73 ,0.64 ,3.24 ,28.24 ,712456.00 ,0.23 ,144.26 ,121.00 ,3.00 ,6.00 ,37.00 ,0.50 ,4.00 ,9.30 ,61.50 ,72.21 ,0.00 ,6.07 ,11.77 ,-21.26 
19.69 ,423.13 ,392.16 ,1.93 ,1.36 ,3.33 ,7.08 ,891172.00 ,0.12 ,68.74 ,239.00 ,2.00 ,4.00 ,35.00 ,20.50 ,2.00 ,48.60 ,100.00 ,92.00 ,45.58 ,16.17 ,26.14 ,-12.46 
20.47 ,442.07 ,294.72 ,0.98 ,0.78 ,16.06 ,39.38 ,222420.00 ,0.33 ,116.93 ,104.00 ,0.00 ,6.00 ,36.00 ,0.50 ,4.00 ,31.50 ,44.30 ,45.33 ,21.68 ,15.01 ,21.57 ,-0.21 
15.98 ,463.46 ,403.78 ,0.99 ,1.87 ,0.81 ,11.43 ,215512.00 ,0.17 ,49.43 ,107.00 ,17.00 ,5.00 ,34.00 ,2.50 ,2.00 ,42.90 ,94.50 ,28.29 ,20.13 ,17.24 ,25.07 ,-26.96 
3.70 ,859.09 ,804.77 ,0.86 ,1.04 ,0.11 ,-39.08 ,100253.00 ,0.01 ,93.19 ,436.00 ,35.00 ,6.00 ,34.00 ,1.00 ,11.00 ,40.60 ,100.00 ,59.42 ,0.00 ,297.34 ,406.81 ,-74.16 
31.51 ,261.09 ,217.30 ,3.12 ,0.64 ,0.43 ,-20.95 ,1242974.50 ,0.10 ,142.69 ,801.00 ,11.00 ,8.00 ,37.00 ,33.00 ,19.50 ,37.30 ,100.00 ,72.87 ,0.00 ,59.96 ,111.75 ,-17.36 
26.53 ,321.31 ,269.55 ,1.30 ,0.91 ,1.18 ,10.35 ,1859593.00 ,0.13 ,100.64 ,534.00 ,13.00 ,6.00 ,36.00 ,17.00 ,24.00 ,31.65 ,100.00 ,94.02 ,0.00 ,44.22 ,57.12 ,-22.94 
13.96 ,776.34 ,699.99 ,0.81 ,1.53 ,1.97 ,23.44 ,462562.00 ,0.16 ,59.52 ,273.00 ,0.00 ,8.00 ,38.00 ,2.00 ,22.50 ,8.25 ,54.40 ,65.97 ,0.00 ,10.80 ,19.70 ,-7.58 
21.50 ,364.33 ,328.70 ,2.77 ,1.36 ,2.14 ,16.56 ,21124033.00 ,0.15 ,68.36 ,6999.00 ,7.00 ,4.00 ,32.00 ,115.00 ,9.00 ,40.05 ,100.00 ,89.72 ,1305.06 ,25.76 ,33.00 ,-0.74 
20.29 ,419.86 ,351.22 ,1.98 ,1.33 ,1.68 ,22.62 ,1436560.00 ,0.20 ,68.80 ,686.00 ,4.00 ,6.00 ,36.00 ,9.50 ,19.00 ,33.90 ,48.50 ,71.49 ,87.50 ,13.97 ,21.93 ,12.88 
13.77 ,658.03 ,426.55 ,2.17 ,0.61 ,2.92 ,21.68 ,1242667.50 ,0.19 ,151.79 ,329.00 ,7.00 ,6.00 ,38.00 ,2.00 ,11.00 ,37.35 ,100.00 ,61.92 ,0.00 ,9.34 ,15.20 ,-7.81 
17.13 ,485.10 ,414.59 ,1.60 ,1.28 ,2.46 ,21.83 ,912452.50 ,0.18 ,71.63 ,558.00 ,7.00 ,6.00 ,37.00 ,4.00 ,5.50 ,31.65 ,31.65 ,34.45 ,15.08 ,19.27 ,33.44 ,-6.84 
38.23 ,220.82 ,197.47 ,0.78 ,1.94 ,5.01 ,9.83 ,7944205.50 ,0.22 ,47.10 ,1451.00 ,5.00 ,5.00 ,35.00 ,45.50 ,8.00 ,25.60 ,86.75 ,69.73 ,717.58 ,11.48 ,14.84 ,-7.32 
17.93 ,388.88 ,329.63 ,1.53 ,1.65 ,2.01 ,14.57 ,1605350.00 ,0.21 ,55.30 ,707.00 ,15.00 ,5.00 ,36.00 ,8.00 ,10.00 ,25.40 ,66.80 ,71.03 ,88.81 ,21.50 ,30.56 ,10.70 
18.73 ,402.03 ,377.04 ,2.16 ,2.81 ,1.98 ,45.20 ,1272644.00 ,0.20 ,32.60 ,214.00 ,12.00 ,5.00 ,33.00 ,0.50 ,3.00 ,35.25 ,100.00 ,97.46 ,90.13 ,16.88 ,28.05 ,62.28 
4.96 ,2059.71 ,1925.45 ,1.11 ,0.51 ,0.42 ,46.06 ,74521.50 ,0.06 ,221.43 ,86.00 ,4.00 ,8.00 ,44.00 ,0.00 ,5.00 ,65.25 ,99.85 ,80.93 ,2.76 ,31.85 ,59.81 ,-25.88 
33.11 ,268.60 ,195.91 ,1.54 ,1.68 ,5.54 ,31.25 ,2029053.50 ,0.41 ,55.28 ,481.00 ,12.00 ,5.00 ,37.00 ,9.00 ,4.00 ,34.00 ,79.95 ,68.09 ,64.11 ,10.65 ,16.17 ,-17.08 
15.69 ,615.24 ,546.40 ,1.14 ,1.17 ,4.20 ,27.79 ,231281.00 ,0.18 ,78.67 ,110.00 ,22.00 ,3.00 ,36.00 ,7.50 ,1.00 ,41.35 ,82.80 ,8.36 ,23.21 ,13.99 ,26.35 ,-9.23 
19.20 ,451.19 ,368.57 ,1.49 ,0.76 ,2.63 ,29.04 ,769171.00 ,0.17 ,121.26 ,382.00 ,8.00 ,7.00 ,39.00 ,10.00 ,5.00 ,45.55 ,55.45 ,84.69 ,66.03 ,18.20 ,30.97 ,-8.79 
12.24 ,772.96 ,647.70 ,0.78 ,0.75 ,7.93 ,1.81 ,200891.50 ,0.14 ,123.75 ,123.00 ,21.00 ,5.00 ,36.00 ,1.00 ,8.00 ,22.25 ,98.10 ,97.80 ,0.00 ,15.54 ,41.07 ,-31.52 
26.34 ,302.03 ,213.54 ,1.32 ,1.21 ,2.53 ,34.24 ,2623381.00 ,0.33 ,75.89 ,728.00 ,4.00 ,5.00 ,34.00 ,30.00 ,8.00 ,38.00 ,59.10 ,50.19 ,356.97 ,13.83 ,24.43 ,-3.52 
20.22 ,381.05 ,308.52 ,0.81 ,1.00 ,1.97 ,34.14 ,1059651.00 ,0.22 ,91.75 ,284.00 ,2.00 ,7.00 ,37.00 ,0.50 ,4.00 ,32.10 ,83.50 ,73.36 ,123.95 ,9.31 ,18.50 ,-12.38 
31.39 ,283.51 ,174.03 ,0.73 ,0.64 ,2.53 ,30.33 ,641132.50 ,0.22 ,144.70 ,121.00 ,3.00 ,6.00 ,37.00 ,1.00 ,4.00 ,11.70 ,60.85 ,70.60 ,0.00 ,5.72 ,11.77 ,-20.11 
19.75 ,410.07 ,385.45 ,1.79 ,1.55 ,3.01 ,8.13 ,801312.50 ,0.11 ,58.85 ,239.00 ,2.00 ,4.00 ,35.00 ,31.50 ,2.00 ,48.60 ,100.00 ,92.00 ,45.58 ,16.99 ,27.91 ,-5.62 
20.46 ,447.89 ,323.75 ,1.06 ,0.89 ,12.64 ,52.69 ,223244.50 ,0.34 ,103.34 ,104.00 ,0.00 ,6.00 ,36.00 ,0.00 ,4.00 ,31.50 ,44.30 ,45.33 ,21.68 ,14.99 ,21.46 ,5.59 
15.35 ,478.90 ,420.39 ,1.17 ,1.97 ,0.92 ,0.69 ,245261.00 ,0.20 ,47.70 ,107.00 ,17.00 ,5.00 ,34.00 ,4.50 ,2.00 ,42.90 ,94.50 ,28.29 ,20.13 ,15.77 ,22.65 ,-17.84 
16.45 ,571.22 ,494.45 ,1.55 ,0.74 ,38.58 ,17.98 ,175118.50 ,0.14 ,129.72 ,111.00 ,25.00 ,4.00 ,34.00 ,7.50 ,2.00 ,43.60 ,90.10 ,47.97 ,15.79 ,22.30 ,35.01 ,-17.38 
3.42 ,808.92 ,766.10 ,1.43 ,1.40 ,0.14 ,-94.61 ,126960.00 ,0.01 ,65.64 ,436.00 ,35.00 ,6.00 ,34.00 ,1.50 ,11.00 ,39.70 ,100.00 ,59.42 ,0.00 ,217.55 ,295.25 ,-74.48 
34.08 ,242.62 ,203.15 ,2.88 ,0.69 ,0.38 ,-24.83 ,1125718.00 ,0.09 ,133.36 ,801.00 ,11.00 ,8.00 ,37.00 ,43.00 ,19.00 ,34.80 ,100.00 ,72.87 ,0.00 ,67.26 ,110.81 ,-20.34 
30.51 ,335.73 ,273.07 ,1.48 ,0.97 ,1.21 ,-6.66 ,2139799.50 ,0.14 ,94.26 ,534.00 ,13.00 ,6.00 ,36.00 ,14.50 ,24.00 ,33.00 ,100.00 ,94.02 ,0.00 ,32.24 ,43.85 ,-16.84 
15.09 ,730.30 ,654.31 ,0.91 ,1.63 ,2.07 ,8.63 ,490564.50 ,0.16 ,56.15 ,273.00 ,0.00 ,8.00 ,38.00 ,1.50 ,20.00 ,11.20 ,51.30 ,65.97 ,0.00 ,10.52 ,19.15 ,-8.64 
26.30 ,309.48 ,277.77 ,2.89 ,1.26 ,2.06 ,5.16 ,21527611.00 ,0.14 ,72.84 ,6999.00 ,7.00 ,4.00 ,32.00 ,102.00 ,11.00 ,36.40 ,100.00 ,89.72 ,895.88 ,24.24 ,30.67 ,5.23 
26.64 ,348.17 ,242.46 ,1.97 ,1.39 ,2.02 ,9.75 ,1711641.50 ,0.23 ,65.33 ,686.00 ,4.00 ,6.00 ,36.00 ,10.50 ,17.00 ,33.60 ,51.80 ,71.49 ,130.00 ,14.52 ,22.21 ,26.99 
15.47 ,611.81 ,413.37 ,2.12 ,0.72 ,3.22 ,14.52 ,1296699.50 ,0.21 ,127.00 ,329.00 ,7.00 ,6.00 ,38.00 ,2.00 ,11.00 ,46.80 ,100.00 ,61.92 ,0.00 ,9.46 ,14.99 ,-18.52 
19.83 ,432.47 ,373.30 ,1.48 ,1.31 ,2.60 ,14.23 ,944797.00 ,0.21 ,69.74 ,558.00 ,7.00 ,6.00 ,37.00 ,5.50 ,6.00 ,31.90 ,31.90 ,34.45 ,30.15 ,18.39 ,32.40 ,-9.15 
41.37 ,209.24 ,186.02 ,0.83 ,1.89 ,5.04 ,10.83 ,8045747.50 ,0.22 ,48.32 ,1451.00 ,5.00 ,5.00 ,35.00 ,46.50 ,8.00 ,27.60 ,84.90 ,69.73 ,783.07 ,11.23 ,14.48 ,-9.28 
22.93 ,330.69 ,310.67 ,2.35 ,2.57 ,2.04 ,31.13 ,1358280.50 ,0.20 ,36.45 ,214.00 ,12.00 ,5.00 ,33.00 ,0.00 ,3.00 ,46.10 ,100.00 ,97.46 ,97.64 ,17.49 ,28.30 ,68.88 
7.50 ,1365.25 ,1292.28 ,1.54 ,0.76 ,0.54 ,53.68 ,95226.00 ,0.07 ,120.40 ,86.00 ,4.00 ,8.00 ,44.00 ,0.50 ,5.00 ,66.90 ,100.00 ,80.93 ,5.52 ,25.12 ,51.24 ,-0.93 
36.68 ,247.90 ,171.31 ,1.71 ,1.46 ,5.31 ,15.10 ,1932136.00 ,0.38 ,62.52 ,481.00 ,12.00 ,5.00 ,37.00 ,10.50 ,4.00 ,31.10 ,79.80 ,68.09 ,68.89 ,11.38 ,17.44 ,-8.82 
22.08 ,446.43 ,391.26 ,1.26 ,1.20 ,3.97 ,15.18 ,268940.00 ,0.20 ,76.38 ,110.00 ,22.00 ,3.00 ,36.00 ,6.00 ,1.00 ,43.10 ,80.00 ,8.36 ,22.28 ,14.94 ,24.44 ,6.69 
25.91 ,358.22 ,294.99 ,1.65 ,0.83 ,2.82 ,8.05 ,878687.00 ,0.19 ,111.06 ,382.00 ,8.00 ,7.00 ,39.00 ,10.50 ,5.00 ,43.90 ,62.20 ,84.69 ,68.06 ,15.91 ,27.29 ,-6.04 
14.84 ,645.57 ,537.84 ,0.86 ,0.86 ,8.68 ,-9.65 ,226654.00 ,0.16 ,105.37 ,123.00 ,21.00 ,5.00 ,36.00 ,0.00 ,8.00 ,10.70 ,100.00 ,97.80 ,0.00 ,13.38 ,37.12 ,-15.15 
33.39 ,249.97 ,158.06 ,1.38 ,1.32 ,2.43 ,18.51 ,2846620.00 ,0.34 ,68.85 ,728.00 ,4.00 ,5.00 ,34.00 ,31.00 ,8.00 ,39.60 ,56.70 ,50.19 ,376.24 ,13.20 ,22.33 ,0.70 
28.66 ,287.94 ,235.59 ,0.90 ,1.06 ,1.93 ,14.37 ,1156613.50 ,0.22 ,86.23 ,284.00 ,2.00 ,7.00 ,37.00 ,0.50 ,6.00 ,33.70 ,85.50 ,73.36 ,159.36 ,9.32 ,18.33 ,-8.20 
34.37 ,270.14 ,171.08 ,0.77 ,0.65 ,2.08 ,14.40 ,627393.00 ,0.21 ,141.97 ,121.00 ,3.00 ,6.00 ,37.00 ,0.50 ,4.00 ,14.10 ,60.20 ,70.60 ,0.00 ,5.15 ,11.06 ,-17.74 
20.35 ,404.91 ,378.46 ,1.67 ,1.50 ,2.68 ,-10.15 ,705149.50 ,0.10 ,60.88 ,239.00 ,2.00 ,4.00 ,35.00 ,30.50 ,2.00 ,48.60 ,100.00 ,92.00 ,45.58 ,17.04 ,30.36 ,-15.41 
30.67 ,322.12 ,241.80 ,1.16 ,1.10 ,8.34 ,29.29 ,269261.50 ,0.37 ,84.01 ,104.00 ,0.00 ,6.00 ,36.00 ,0.00 ,4.00 ,31.50 ,44.30 ,45.33 ,21.68 ,12.95 ,18.71 ,13.01 
20.91 ,366.86 ,323.70 ,1.42 ,2.36 ,1.26 ,17.54 ,332775.00 ,0.27 ,38.69 ,107.00 ,17.00 ,5.00 ,34.00 ,2.50 ,2.00 ,42.90 ,94.50 ,28.29 ,20.13 ,11.99 ,17.04 ,3.77 
22.21 ,477.27 ,419.06 ,1.85 ,0.59 ,32.42 ,8.14 ,147309.50 ,0.12 ,154.62 ,111.00 ,25.00 ,4.00 ,34.00 ,4.00 ,2.00 ,43.60 ,90.10 ,47.97 ,15.79 ,23.10 ,37.02 ,-53.42 
3.40 ,783.53 ,736.06 ,2.42 ,1.39 ,0.19 ,-79.31 ,162580.50 ,0.02 ,65.84 ,436.00 ,35.00 ,6.00 ,34.00 ,1.00 ,11.00 ,39.70 ,100.00 ,59.42 ,0.00 ,170.30 ,228.14 ,-58.78 
41.55 ,207.00 ,167.00 ,3.07 ,0.73 ,0.36 ,-17.81 ,1055543.00 ,0.09 ,125.46 ,801.00 ,11.00 ,8.00 ,37.00 ,43.00 ,19.00 ,34.80 ,100.00 ,72.87 ,0.00 ,71.99 ,117.02 ,-20.03 
31.31 ,315.79 ,246.40 ,1.47 ,0.88 ,1.35 ,-13.08 ,2479337.50 ,0.16 ,104.28 ,534.00 ,13.00 ,6.00 ,36.00 ,13.50 ,24.00 ,33.00 ,100.00 ,94.02 ,0.00 ,28.36 ,38.58 ,-0.05 
15.41 ,710.77 ,633.88 ,0.95 ,1.65 ,2.19 ,1.05 ,527543.50 ,0.17 ,55.47 ,273.00 ,0.00 ,8.00 ,38.00 ,1.50 ,20.00 ,11.20 ,51.30 ,65.97 ,0.00 ,9.70 ,17.78 ,-5.14 
24.60 ,288.46 ,256.16 ,3.42 ,1.42 ,2.49 ,9.64 ,26455431.00 ,0.16 ,64.72 ,6999.00 ,7.00 ,4.00 ,32.00 ,88.00 ,11.00 ,36.40 ,100.00 ,89.72 ,895.88 ,22.09 ,27.96 ,18.90 
27.86 ,329.69 ,156.59 ,1.75 ,1.27 ,2.35 ,7.38 ,1961340.50 ,0.25 ,72.67 ,686.00 ,4.00 ,6.00 ,36.00 ,7.00 ,17.00 ,33.60 ,51.80 ,71.49 ,130.00 ,14.53 ,22.14 ,35.61 
18.52 ,479.57 ,327.32 ,2.21 ,0.76 ,3.49 ,27.97 ,1340264.00 ,0.21 ,119.71 ,329.00 ,7.00 ,6.00 ,38.00 ,3.00 ,11.00 ,46.80 ,100.00 ,61.92 ,0.00 ,9.15 ,14.65 ,3.54 
19.72 ,441.63 ,383.74 ,1.38 ,1.26 ,2.73 ,12.68 ,967489.00 ,0.21 ,72.17 ,558.00 ,7.00 ,6.00 ,37.00 ,6.00 ,6.00 ,31.90 ,31.90 ,34.45 ,30.15 ,18.68 ,32.39 ,-2.07 
43.46 ,198.52 ,175.11 ,0.95 ,1.95 ,5.86 ,9.19 ,9405821.50 ,0.25 ,46.93 ,1451.00 ,5.00 ,5.00 ,35.00 ,53.50 ,8.00 ,27.60 ,84.90 ,69.73 ,783.07 ,11.24 ,14.39 ,2.94 
21.62 ,353.42 ,328.52 ,2.30 ,2.01 ,2.15 ,5.58 ,1256575.00 ,0.18 ,45.45 ,214.00 ,12.00 ,5.00 ,33.00 ,0.00 ,3.00 ,46.10 ,100.00 ,97.46 ,97.64 ,18.37 ,29.39 ,38.63 
7.58 ,1359.79 ,1297.50 ,1.69 ,0.78 ,0.54 ,44.33 ,95391.50 ,0.07 ,116.71 ,86.00 ,4.00 ,8.00 ,44.00 ,0.50 ,5.00 ,66.90 ,100.00 ,80.93 ,5.52 ,24.75 ,53.53 ,-4.01 
39.33 ,231.82 ,155.91 ,2.04 ,1.67 ,6.89 ,2.25 ,2534638.50 ,0.48 ,55.44 ,481.00 ,12.00 ,5.00 ,37.00 ,7.00 ,4.00 ,31.10 ,79.80 ,68.09 ,68.89 ,9.11 ,14.41 ,7.06 
21.70 ,460.12 ,397.89 ,1.31 ,1.16 ,4.01 ,11.09 ,296588.00 ,0.21 ,78.97 ,110.00 ,22.00 ,3.00 ,36.00 ,6.50 ,1.00 ,43.10 ,80.00 ,8.36 ,22.28 ,13.73 ,23.87 ,16.06 
26.58 ,330.63 ,264.67 ,1.69 ,0.87 ,2.82 ,17.87 ,965844.00 ,0.21 ,105.67 ,382.00 ,8.00 ,7.00 ,39.00 ,6.00 ,5.00 ,43.90 ,62.20 ,84.69 ,68.06 ,15.05 ,25.74 ,2.12 
14.76 ,649.39 ,537.95 ,0.83 ,0.95 ,9.20 ,-26.83 ,242064.00 ,0.17 ,95.94 ,123.00 ,21.00 ,5.00 ,36.00 ,2.00 ,8.00 ,10.70 ,100.00 ,97.80 ,0.00 ,11.75 ,34.89 ,-2.08 
33.51 ,247.06 ,146.91 ,1.35 ,1.27 ,2.39 ,14.72 ,2976049.00 ,0.34 ,71.70 ,728.00 ,4.00 ,5.00 ,34.00 ,34.00 ,8.00 ,39.60 ,56.70 ,50.19 ,376.24 ,12.68 ,21.86 ,2.95 
30.81 ,258.24 ,214.55 ,0.95 ,1.10 ,2.01 ,14.67 ,1249475.50 ,0.23 ,82.80 ,284.00 ,2.00 ,7.00 ,37.00 ,0.00 ,6.00 ,33.70 ,85.50 ,73.36 ,159.36 ,9.23 ,17.79 ,0.74 
29.92 ,342.12 ,198.49 ,0.74 ,0.60 ,1.89 ,2.91 ,600122.00 ,0.20 ,153.41 ,121.00 ,3.00 ,6.00 ,37.00 ,1.50 ,4.00 ,14.10 ,60.20 ,70.60 ,0.00 ,5.85 ,11.72 ,-21.30 
20.42 ,400.47 ,370.22 ,1.84 ,1.55 ,3.35 ,-3.87 ,893392.50 ,0.13 ,58.85 ,239.00 ,2.00 ,4.00 ,35.00 ,0.00 ,2.00 ,48.60 ,100.00 ,92.00 ,45.58 ,18.29 ,30.62 ,4.02 
32.00 ,305.08 ,206.65 ,1.13 ,1.04 ,7.76 ,-8.50 ,296826.50 ,0.38 ,90.51 ,104.00 ,0.00 ,6.00 ,36.00 ,0.00 ,4.00 ,31.50 ,44.30 ,45.33 ,21.68 ,12.09 ,17.30 ,21.40 
21.33 ,360.51 ,308.17 ,1.34 ,2.07 ,1.30 ,4.15 ,339408.00 ,0.26 ,45.42 ,107.00 ,17.00 ,5.00 ,34.00 ,1.50 ,2.00 ,42.90 ,94.50 ,28.29 ,20.13 ,11.35 ,16.08 ,25.68 
23.69 ,414.63 ,365.10 ,1.99 ,0.75 ,33.82 ,20.65 ,177145.50 ,0.15 ,126.82 ,111.00 ,25.00 ,4.00 ,34.00 ,6.50 ,2.00 ,43.60 ,90.10 ,47.97 ,15.79 ,21.85 ,34.06 ,-46.98 
4.40 ,634.60 ,577.68 ,2.68 ,1.17 ,0.20 ,-58.24 ,170169.00 ,0.02 ,79.02 ,183.00 ,61.00 ,6.00 ,35.00 ,1.50 ,11.00 ,39.70 ,100.00 ,47.85 ,0.00 ,167.06 ,209.97 ,22.59 
36.78 ,219.79 ,177.72 ,1.69 ,1.34 ,2.00 ,15.86 ,6338809.50 ,0.22 ,68.36 ,2317.00 ,4.00 ,6.00 ,33.00 ,56.50 ,11.00 ,45.50 ,100.00 ,45.46 ,144.34 ,21.42 ,32.97 ,24.75 
14.80 ,751.79 ,677.42 ,0.89 ,1.56 ,2.01 ,12.75 ,489745.50 ,0.16 ,58.67 ,293.00 ,8.00 ,8.00 ,39.00 ,1.50 ,20.00 ,11.20 ,51.30 ,67.77 ,0.00 ,10.58 ,18.87 ,-4.53 
17.47 ,337.71 ,295.42 ,3.66 ,1.36 ,2.63 ,9.73 ,28103969.00 ,0.15 ,68.19 ,7065.00 ,1.00 ,4.00 ,33.00 ,106.50 ,11.00 ,36.40 ,100.00 ,91.67 ,895.88 ,21.82 ,27.64 ,22.10 
19.44 ,462.49 ,310.91 ,2.25 ,0.72 ,3.49 ,11.11 ,1356902.50 ,0.21 ,128.58 ,362.00 ,4.00 ,6.00 ,38.00 ,3.00 ,11.00 ,46.80 ,100.00 ,64.90 ,0.00 ,9.26 ,14.98 ,19.18 
18.74 ,468.01 ,408.26 ,1.28 ,1.15 ,2.56 ,14.27 ,883604.00 ,0.19 ,79.65 ,470.00 ,12.00 ,7.00 ,38.00 ,6.50 ,6.00 ,31.90 ,31.90 ,33.12 ,30.15 ,20.61 ,35.86 ,-4.07 
5.90 ,1692.55 ,1624.10 ,1.75 ,0.87 ,0.53 ,50.86 ,92402.00 ,0.07 ,106.30 ,85.00 ,0.00 ,9.00 ,44.00 ,0.50 ,5.00 ,66.90 ,100.00 ,82.35 ,5.52 ,23.27 ,48.15 ,25.11 
34.08 ,273.83 ,207.77 ,1.92 ,1.95 ,6.94 ,25.91 ,2574744.00 ,0.49 ,46.72 ,456.00 ,11.00 ,5.00 ,38.00 ,6.00 ,4.00 ,31.10 ,79.80 ,77.80 ,68.89 ,8.55 ,13.59 ,4.37 
15.40 ,634.52 ,557.54 ,1.35 ,1.12 ,3.73 ,38.56 ,272245.50 ,0.20 ,81.68 ,111.00 ,8.00 ,4.00 ,36.00 ,7.00 ,1.00 ,43.10 ,80.00 ,7.92 ,22.28 ,15.81 ,25.41 ,15.63 
12.09 ,799.84 ,667.41 ,0.78 ,1.02 ,9.19 ,-15.76 ,229486.50 ,0.17 ,89.70 ,125.00 ,7.00 ,5.00 ,37.00 ,4.00 ,8.00 ,10.70 ,100.00 ,97.42 ,0.00 ,11.50 ,34.50 ,11.01 
26.71 ,291.74 ,248.03 ,0.95 ,1.15 ,1.90 ,18.47 ,1176183.00 ,0.22 ,79.33 ,298.00 ,1.00 ,7.00 ,37.00 ,0.00 ,6.00 ,33.70 ,85.50 ,69.02 ,159.36 ,9.11 ,17.68 ,5.01 
23.09 ,471.93 ,274.81 ,0.68 ,0.65 ,1.67 ,22.07 ,521613.00 ,0.19 ,142.79 ,113.00 ,7.00 ,7.00 ,39.00 ,1.50 ,4.00 ,14.10 ,60.20 ,66.72 ,0.00 ,6.90 ,13.21 ,-26.99 
17.48 ,468.06 ,432.25 ,1.75 ,1.66 ,3.81 ,14.58 ,1049819.00 ,0.16 ,54.95 ,243.00 ,16.00 ,4.00 ,35.00 ,30.50 ,2.00 ,54.40 ,100.00 ,94.72 ,42.86 ,16.37 ,27.73 ,18.08 
23.52 ,402.79 ,266.60 ,1.10 ,0.88 ,7.73 ,8.21 ,285520.00 ,0.37 ,104.47 ,106.00 ,2.00 ,7.00 ,38.00 ,0.00 ,4.00 ,31.30 ,45.50 ,45.46 ,32.00 ,12.76 ,18.16 ,28.38 
17.03 ,444.82 ,380.24 ,1.15 ,1.66 ,1.11 ,-5.99 ,288289.00 ,0.23 ,55.14 ,110.00 ,19.00 ,4.00 ,34.00 ,2.50 ,2.00 ,34.00 ,94.53 ,50.88 ,13.00 ,11.60 ,16.47 ,33.99 
4.25 ,610.55 ,517.23 ,1.98 ,0.80 ,0.15 ,-91.42 ,128654.50 ,0.02 ,126.96 ,183.00 ,61.00 ,6.00 ,35.00 ,4.00 ,12.00 ,36.85 ,100.00 ,36.28 ,0.00 ,148.42 ,193.03 ,39.78 
33.28 ,244.42 ,193.85 ,1.91 ,1.24 ,2.06 ,11.86 ,6460555.00 ,0.24 ,73.71 ,2317.00 ,4.00 ,6.00 ,33.00 ,55.50 ,11.00 ,47.05 ,100.00 ,49.52 ,440.97 ,21.95 ,33.39 ,23.17 
13.83 ,832.70 ,746.44 ,0.85 ,1.33 ,1.74 ,11.82 ,422686.00 ,0.13 ,70.00 ,293.00 ,8.00 ,8.00 ,39.00 ,2.50 ,18.00 ,10.35 ,51.72 ,69.57 ,0.96 ,11.00 ,20.01 ,-8.73 
16.77 ,354.09 ,310.29 ,3.60 ,1.13 ,2.34 ,8.35 ,25355609.00 ,0.12 ,81.53 ,7065.00 ,1.00 ,4.00 ,33.00 ,166.50 ,9.00 ,41.75 ,100.00 ,93.61 ,1244.68 ,22.54 ,28.81 ,20.18 
21.03 ,427.53 ,280.75 ,2.14 ,0.67 ,3.44 ,6.60 ,1400051.50 ,0.22 ,136.08 ,362.00 ,4.00 ,6.00 ,38.00 ,5.00 ,11.00 ,51.95 ,100.00 ,67.88 ,91.84 ,8.99 ,15.53 ,12.65 
18.46 ,478.33 ,414.66 ,1.27 ,1.04 ,2.41 ,13.78 ,811128.00 ,0.17 ,87.84 ,470.00 ,12.00 ,7.00 ,38.00 ,7.50 ,6.00 ,33.99 ,33.99 ,31.79 ,30.63 ,21.38 ,37.05 ,-11.11 
5.75 ,1860.74 ,1796.89 ,1.78 ,0.89 ,0.51 ,63.06 ,87235.00 ,0.07 ,102.71 ,85.00 ,0.00 ,9.00 ,44.00 ,1.50 ,5.00 ,69.25 ,98.70 ,83.77 ,6.22 ,25.54 ,51.35 ,25.09 
26.68 ,345.99 ,283.28 ,1.55 ,1.75 ,4.67 ,38.48 ,1719092.50 ,0.34 ,53.28 ,456.00 ,11.00 ,5.00 ,38.00 ,4.50 ,4.00 ,35.90 ,78.04 ,87.50 ,50.71 ,13.05 ,20.23 ,-17.20 
13.86 ,700.95 ,628.21 ,1.36 ,1.16 ,3.48 ,24.84 ,237300.00 ,0.18 ,79.42 ,111.00 ,8.00 ,4.00 ,36.00 ,8.00 ,1.00 ,43.85 ,84.19 ,7.47 ,21.89 ,17.88 ,27.25 ,3.35 
10.91 ,903.54 ,759.36 ,0.70 ,0.99 ,8.25 ,17.78 ,185999.50 ,0.15 ,92.04 ,125.00 ,7.00 ,5.00 ,37.00 ,3.00 ,8.00 ,20.45 ,100.00 ,97.04 ,0.00 ,13.95 ,38.71 ,-4.62 
22.86 ,489.25 ,308.63 ,0.72 ,0.70 ,1.53 ,35.58 ,470084.00 ,0.20 ,129.99 ,113.00 ,7.00 ,7.00 ,39.00 ,0.00 ,4.00 ,14.40 ,56.80 ,62.83 ,0.00 ,6.61 ,13.66 ,-26.69 
14.82 ,554.44 ,513.56 ,1.53 ,1.61 ,3.50 ,16.99 ,984629.00 ,0.15 ,56.68 ,243.00 ,16.00 ,4.00 ,35.00 ,38.50 ,2.00 ,54.40 ,100.00 ,94.72 ,42.86 ,17.72 ,33.44 ,24.95 
25.31 ,382.07 ,270.75 ,1.23 ,1.00 ,8.58 ,43.30 ,316381.50 ,0.40 ,92.51 ,106.00 ,2.00 ,7.00 ,38.00 ,0.50 ,4.00 ,31.30 ,45.50 ,45.46 ,32.00 ,11.81 ,17.01 ,41.67 
17.46 ,444.04 ,380.24 ,1.04 ,1.64 ,1.10 ,-3.75 ,281816.50 ,0.23 ,55.57 ,110.00 ,19.00 ,4.00 ,34.00 ,2.00 ,2.00 ,34.00 ,94.53 ,50.88 ,13.00 ,12.09 ,17.69 ,18.41 
2.72 ,808.40 ,684.18 ,1.99 ,0.57 ,0.14 ,-97.46 ,113976.50 ,0.01 ,159.97 ,183.00 ,61.00 ,6.00 ,35.00 ,5.50 ,12.50 ,34.00 ,100.00 ,36.28 ,0.00 ,74.43 ,110.53 ,-10.21 
39.64 ,214.76 ,173.28 ,2.05 ,1.20 ,2.20 ,7.27 ,6849925.00 ,0.24 ,76.04 ,2317.00 ,4.00 ,6.00 ,33.00 ,50.00 ,11.00 ,48.60 ,100.00 ,49.52 ,737.61 ,23.03 ,34.13 ,15.90 
17.96 ,677.94 ,602.06 ,0.90 ,1.21 ,1.76 ,-4.01 ,425024.50 ,0.13 ,75.62 ,293.00 ,8.00 ,8.00 ,39.00 ,2.50 ,16.00 ,9.50 ,52.14 ,69.57 ,1.92 ,10.73 ,20.32 ,-13.36 
20.90 ,299.66 ,268.47 ,3.73 ,1.32 ,2.58 ,13.06 ,28625126.00 ,0.13 ,72.43 ,7065.00 ,1.00 ,4.00 ,33.00 ,153.50 ,7.00 ,47.10 ,100.00 ,93.61 ,1593.48 ,21.25 ,27.38 ,32.09 
22.92 ,380.92 ,253.34 ,2.29 ,0.70 ,3.33 ,18.08 ,1581072.50 ,0.23 ,131.16 ,362.00 ,4.00 ,6.00 ,38.00 ,7.00 ,11.00 ,57.10 ,100.00 ,67.88 ,183.69 ,8.02 ,14.58 ,22.28 
20.85 ,430.63 ,373.07 ,1.37 ,1.05 ,2.60 ,6.40 ,853568.50 ,0.18 ,87.09 ,470.00 ,12.00 ,7.00 ,38.00 ,9.00 ,6.00 ,36.08 ,36.08 ,31.79 ,31.11 ,20.37 ,35.39 ,-9.70 
8.22 ,1483.26 ,1436.15 ,2.15 ,0.93 ,0.54 ,42.45 ,87620.00 ,0.07 ,99.02 ,85.00 ,0.00 ,9.00 ,44.00 ,1.50 ,5.00 ,71.60 ,97.40 ,83.77 ,6.91 ,26.02 ,55.31 ,-8.11 
30.85 ,313.51 ,260.11 ,1.61 ,1.66 ,3.51 ,21.99 ,1248749.50 ,0.26 ,55.36 ,456.00 ,11.00 ,5.00 ,38.00 ,5.50 ,4.00 ,40.70 ,76.28 ,87.50 ,32.53 ,15.66 ,24.36 ,-34.78 
18.64 ,555.14 ,502.90 ,1.40 ,1.40 ,4.04 ,17.11 ,252558.50 ,0.19 ,66.19 ,111.00 ,8.00 ,4.00 ,36.00 ,10.50 ,1.00 ,44.60 ,88.38 ,7.47 ,21.50 ,16.47 ,26.29 ,-6.08 
10.84 ,912.15 ,774.61 ,0.77 ,1.07 ,8.94 ,17.56 ,178767.00 ,0.15 ,86.16 ,125.00 ,7.00 ,5.00 ,37.00 ,4.00 ,8.00 ,30.20 ,100.00 ,97.04 ,0.00 ,15.16 ,38.24 ,-21.09 
31.54 ,259.33 ,232.29 ,0.99 ,1.29 ,1.58 ,18.28 ,961080.00 ,0.17 ,71.91 ,298.00 ,1.00 ,7.00 ,37.00 ,0.00 ,4.00 ,36.10 ,80.16 ,64.68 ,120.95 ,10.65 ,20.78 ,-16.95 
24.04 ,455.58 ,306.55 ,0.80 ,0.74 ,1.61 ,22.21 ,486375.50 ,0.21 ,123.92 ,113.00 ,7.00 ,7.00 ,39.00 ,0.00 ,4.00 ,14.70 ,53.40 ,62.83 ,0.00 ,5.57 ,12.29 ,-22.42 
16.27 ,515.75 ,480.48 ,1.55 ,1.81 ,3.72 ,8.30 ,1039347.00 ,0.16 ,51.50 ,243.00 ,16.00 ,4.00 ,35.00 ,50.50 ,2.00 ,54.40 ,100.00 ,94.72 ,42.86 ,20.47 ,39.00 ,46.83 
34.48 ,282.70 ,206.82 ,1.29 ,1.12 ,9.38 ,23.37 ,372186.50 ,0.42 ,81.10 ,106.00 ,2.00 ,7.00 ,38.00 ,1.00 ,4.00 ,31.30 ,45.50 ,45.46 ,32.00 ,10.74 ,15.38 ,40.21 
18.69 ,412.77 ,356.89 ,0.91 ,1.64 ,1.10 ,4.77 ,281860.00 ,0.22 ,55.60 ,110.00 ,19.00 ,4.00 ,34.00 ,4.00 ,2.00 ,34.00 ,94.53 ,50.88 ,13.00 ,13.84 ,19.94 ,-13.63 
2.27 ,913.32 ,803.19 ,1.89 ,0.63 ,0.15 ,-48.05 ,121877.00 ,0.02 ,144.79 ,183.00 ,61.00 ,6.00 ,35.00 ,5.50 ,12.00 ,34.00 ,100.00 ,36.28 ,0.00 ,57.80 ,85.57 ,-22.70 
45.16 ,187.70 ,150.39 ,1.97 ,1.24 ,2.31 ,7.48 ,7066538.50 ,0.22 ,73.89 ,2317.00 ,4.00 ,6.00 ,33.00 ,44.00 ,11.00 ,48.60 ,100.00 ,49.52 ,737.61 ,22.98 ,32.89 ,7.88 
22.02 ,474.44 ,423.54 ,0.94 ,1.30 ,1.99 ,-3.72 ,473201.50 ,0.15 ,69.83 ,293.00 ,8.00 ,8.00 ,39.00 ,0.50 ,16.00 ,9.50 ,52.14 ,69.57 ,1.92 ,10.16 ,19.42 ,-10.29 
23.58 ,264.65 ,239.48 ,3.76 ,1.71 ,3.23 ,18.51 ,36141915.50 ,0.16 ,53.52 ,7065.00 ,1.00 ,4.00 ,33.00 ,111.00 ,7.00 ,47.10 ,100.00 ,93.61 ,15934.76 ,18.86 ,24.66 ,37.16 
22.76 ,378.95 ,257.64 ,2.45 ,0.72 ,2.80 ,17.80 ,1705669.50 ,0.24 ,127.18 ,362.00 ,4.00 ,6.00 ,38.00 ,4.50 ,11.00 ,57.10 ,100.00 ,67.88 ,183.69 ,8.05 ,14.37 ,27.54 
26.87 ,324.70 ,282.33 ,1.41 ,1.15 ,2.88 ,8.57 ,921007.50 ,0.19 ,79.57 ,470.00 ,12.00 ,7.00 ,38.00 ,9.00 ,6.00 ,36.08 ,36.08 ,31.79 ,31.11 ,18.44 ,33.32 ,-4.77 
9.00 ,1151.01 ,1108.64 ,2.37 ,0.88 ,0.61 ,33.15 ,91494.50 ,0.07 ,106.77 ,85.00 ,0.00 ,9.00 ,44.00 ,1.50 ,5.00 ,71.60 ,97.40 ,83.77 ,6.91 ,23.82 ,50.12 ,-4.04 
35.76 ,258.73 ,207.27 ,1.96 ,2.17 ,4.68 ,-6.70 ,1621933.00 ,0.33 ,42.97 ,456.00 ,11.00 ,5.00 ,38.00 ,7.00 ,4.00 ,40.70 ,76.28 ,87.50 ,32.53 ,12.39 ,19.50 ,-36.54 
21.77 ,448.57 ,395.86 ,1.40 ,1.43 ,4.76 ,7.98 ,277340.00 ,0.20 ,64.18 ,111.00 ,8.00 ,4.00 ,36.00 ,8.00 ,1.00 ,44.60 ,88.38 ,7.47 ,21.50 ,15.67 ,24.44 ,-6.49 
10.87 ,914.01 ,778.06 ,0.87 ,1.29 ,10.98 ,-12.73 ,196949.00 ,0.17 ,71.62 ,125.00 ,7.00 ,5.00 ,37.00 ,5.00 ,8.00 ,30.20 ,100.00 ,97.04 ,0.00 ,14.10 ,34.31 ,-18.57 
33.77 ,235.59 ,210.83 ,1.07 ,1.46 ,1.71 ,18.41 ,1029341.00 ,0.18 ,62.47 ,298.00 ,1.00 ,7.00 ,37.00 ,0.00 ,4.00 ,36.10 ,80.16 ,64.68 ,120.95 ,10.74 ,20.28 ,-17.58 
21.82 ,478.64 ,353.64 ,0.85 ,0.88 ,1.74 ,18.26 ,511626.50 ,0.21 ,104.88 ,113.00 ,7.00 ,7.00 ,39.00 ,0.50 ,4.00 ,14.70 ,53.40 ,62.83 ,0.00 ,5.24 ,11.14 ,-14.65 
17.47 ,474.80 ,441.20 ,1.60 ,2.14 ,4.59 ,8.09 ,1259471.00 ,0.19 ,42.64 ,243.00 ,16.00 ,4.00 ,35.00 ,46.00 ,2.00 ,54.40 ,100.00 ,94.72 ,42.86 ,18.07 ,34.71 ,43.19 
31.32 ,330.96 ,228.67 ,1.15 ,0.97 ,8.35 ,9.99 ,351737.50 ,0.38 ,96.59 ,106.00 ,2.00 ,7.00 ,38.00 ,1.50 ,4.00 ,31.30 ,45.50 ,45.46 ,32.00 ,11.95 ,16.84 ,17.89 
18.09 ,424.89 ,369.40 ,0.86 ,1.62 ,1.06 ,17.21 ,269328.50 ,0.21 ,56.34 ,110.00 ,19.00 ,4.00 ,34.00 ,6.50 ,2.00 ,34.00 ,94.53 ,50.88 ,13.00 ,12.93 ,19.01 ,-19.90 
18.59 ,483.00 ,384.26 ,0.88 ,1.09 ,1.81 ,24.76 ,519210.50 ,0.20 ,84.89 ,112.00 ,39.00 ,6.00 ,38.00 ,0.50 ,6.00 ,17.00 ,100.00 ,52.76 ,16.38 ,5.58 ,15.10 ,0.80 
2.05 ,1073.50 ,996.75 ,1.34 ,0.92 ,0.14 ,-83.21 ,111396.50 ,0.02 ,107.14 ,204.00 ,9.00 ,6.00 ,36.00 ,6.00 ,1.00 ,53.50 ,100.00 ,56.77 ,0.00 ,58.13 ,84.48 ,-34.54 
27.46 ,324.34 ,275.27 ,1.30 ,1.22 ,1.02 ,2.33 ,2202687.00 ,0.16 ,75.07 ,1855.00 ,25.00 ,5.00 ,33.00 ,8.00 ,1.00 ,74.70 ,100.00 ,80.42 ,0.19 ,26.62 ,43.73 ,64.18 
24.08 ,363.73 ,245.32 ,2.52 ,0.75 ,2.73 ,-12.45 ,1820382.00 ,0.25 ,121.07 ,399.00 ,4.00 ,6.00 ,39.00 ,6.50 ,1.00 ,58.20 ,100.00 ,68.48 ,250.33 ,8.51 ,14.51 ,34.78 
25.83 ,340.06 ,296.63 ,1.36 ,1.28 ,2.99 ,28.03 ,926987.50 ,0.20 ,71.23 ,441.00 ,9.00 ,8.00 ,39.00 ,6.50 ,4.00 ,45.10 ,100.00 ,19.01 ,53.06 ,16.93 ,31.65 ,5.47 
14.64 ,563.16 ,518.04 ,2.41 ,1.40 ,1.67 ,-9.21 ,1169651.00 ,0.16 ,65.99 ,613.00 ,29.00 ,6.00 ,35.00 ,0.50 ,1.00 ,42.40 ,100.00 ,94.60 ,33.76 ,26.74 ,42.65 ,-2.61 
17.99 ,556.11 ,484.92 ,1.40 ,1.22 ,4.92 ,7.71 ,278420.50 ,0.20 ,75.39 ,114.00 ,6.00 ,4.00 ,37.00 ,5.50 ,2.00 ,42.00 ,100.00 ,8.24 ,18.70 ,15.64 ,24.04 ,3.51 
43.15 ,224.76 ,126.60 ,1.42 ,0.92 ,19.08 ,0.60 ,2364418.00 ,0.45 ,100.68 ,565.00 ,44.00 ,3.00 ,30.00 ,5.50 ,1.00 ,18.60 ,100.00 ,89.06 ,86.08 ,7.22 ,11.11 ,-20.44 
10.63 ,942.57 ,805.51 ,0.85 ,1.53 ,12.27 ,6.41 ,202484.50 ,0.18 ,59.83 ,127.00 ,10.00 ,6.00 ,38.00 ,3.50 ,2.00 ,24.10 ,100.00 ,97.35 ,0.00 ,12.55 ,32.68 ,-10.59 
26.03 ,289.33 ,154.73 ,1.26 ,1.15 ,1.80 ,17.85 ,2623643.00 ,0.30 ,79.60 ,904.00 ,13.00 ,5.00 ,35.00 ,46.50 ,6.00 ,35.50 ,100.00 ,57.19 ,346.70 ,15.07 ,25.42 ,-5.95 
27.85 ,280.19 ,247.18 ,1.05 ,1.36 ,1.66 ,5.51 ,987174.50 ,0.18 ,67.34 ,304.00 ,3.00 ,8.00 ,38.00 ,0.00 ,4.00 ,36.70 ,100.00 ,64.69 ,135.03 ,11.48 ,20.79 ,-15.78 
25.99 ,469.26 ,406.65 ,0.90 ,1.58 ,1.12 ,9.12 ,282343.50 ,0.21 ,57.85 ,100.00 ,17.00 ,5.00 ,35.00 ,4.00 ,2.00 ,22.70 ,100.00 ,68.22 ,14.00 ,11.32 ,17.42 ,-1.41 
27.98 ,409.80 ,381.12 ,1.60 ,1.77 ,69.42 ,51.83 ,414500.50 ,0.25 ,51.52 ,176.00 ,0.00 ,5.00 ,36.00 ,18.00 ,2.00 ,50.20 ,100.00 ,47.33 ,34.52 ,15.35 ,23.08 ,100.82 
16.05 ,516.39 ,417.27 ,0.85 ,1.13 ,1.68 ,11.26 ,472192.50 ,0.19 ,81.72 ,112.00 ,39.00 ,6.00 ,38.00 ,0.00 ,6.00 ,17.00 ,100.00 ,52.76 ,16.38 ,5.47 ,15.83 ,0.79 
1.55 ,1314.31 ,1252.93 ,1.11 ,1.17 ,0.11 ,-71.01 ,86507.00 ,0.01 ,77.83 ,204.00 ,9.00 ,6.00 ,36.00 ,7.50 ,1.00 ,53.50 ,100.00 ,56.77 ,0.00 ,69.20 ,100.58 ,-32.49 
26.91 ,296.74 ,247.26 ,1.14 ,1.03 ,0.83 ,3.06 ,1775701.00 ,0.13 ,93.79 ,1855.00 ,25.00 ,5.00 ,33.00 ,3.00 ,1.00 ,74.70 ,100.00 ,80.42 ,0.19 ,27.74 ,42.91 ,73.35 
26.60 ,326.93 ,215.59 ,2.50 ,0.74 ,3.01 ,-31.78 ,1946799.00 ,0.25 ,123.86 ,399.00 ,4.00 ,6.00 ,39.00 ,9.00 ,1.00 ,58.20 ,100.00 ,68.48 ,250.33 ,8.17 ,13.83 ,39.60 
20.80 ,418.31 ,366.88 ,1.31 ,1.26 ,2.91 ,-8.17 ,873002.50 ,0.20 ,72.85 ,441.00 ,9.00 ,8.00 ,39.00 ,5.50 ,4.00 ,45.10 ,100.00 ,19.01 ,53.06 ,18.13 ,31.97 ,7.65 
15.49 ,526.17 ,487.68 ,2.52 ,1.48 ,1.71 ,-10.38 ,1194313.00 ,0.17 ,62.08 ,613.00 ,29.00 ,6.00 ,35.00 ,0.00 ,1.00 ,42.40 ,100.00 ,94.60 ,33.76 ,26.62 ,42.79 ,18.42 
16.40 ,604.38 ,534.65 ,1.56 ,1.12 ,4.64 ,5.98 ,261912.50 ,0.19 ,81.12 ,114.00 ,6.00 ,4.00 ,37.00 ,12.50 ,2.00 ,42.00 ,100.00 ,8.24 ,18.70 ,16.35 ,25.48 ,10.35 
43.48 ,222.04 ,131.72 ,1.37 ,0.99 ,16.80 ,-20.42 ,2281587.00 ,0.43 ,92.45 ,565.00 ,44.00 ,3.00 ,30.00 ,4.50 ,1.00 ,18.60 ,100.00 ,89.06 ,86.08 ,7.76 ,12.00 ,-6.52 
10.34 ,980.14 ,839.21 ,0.73 ,1.58 ,11.99 ,-26.01 ,181031.50 ,0.16 ,57.73 ,127.00 ,10.00 ,6.00 ,38.00 ,3.00 ,2.00 ,24.10 ,100.00 ,97.35 ,0.00 ,14.76 ,37.05 ,-2.75 
25.11 ,295.72 ,149.08 ,1.33 ,1.14 ,1.55 ,24.36 ,2625180.00 ,0.30 ,80.51 ,904.00 ,13.00 ,5.00 ,35.00 ,40.50 ,6.00 ,35.50 ,100.00 ,57.19 ,346.70 ,15.40 ,25.35 ,-1.68 
25.03 ,316.28 ,279.35 ,1.09 ,1.26 ,1.63 ,6.46 ,945692.50 ,0.18 ,72.57 ,304.00 ,3.00 ,8.00 ,38.00 ,0.00 ,4.00 ,36.70 ,100.00 ,64.69 ,135.03 ,11.68 ,21.45 ,-3.36 
32.79 ,541.27 ,468.44 ,0.88 ,1.43 ,1.15 ,3.04 ,288198.50 ,0.19 ,64.09 ,100.00 ,17.00 ,5.00 ,35.00 ,1.50 ,2.00 ,22.70 ,100.00 ,68.22 ,14.00 ,11.69 ,17.65 ,2.54 
23.92 ,476.88 ,443.28 ,1.49 ,1.36 ,54.46 ,58.98 ,307816.00 ,0.17 ,71.13 ,176.00 ,0.00 ,5.00 ,36.00 ,18.00 ,2.00 ,50.20 ,100.00 ,47.33 ,34.52 ,20.15 ,31.34 ,25.52 
16.20 ,517.66 ,420.81 ,0.95 ,1.14 ,1.78 ,25.43 ,494484.00 ,0.20 ,80.91 ,112.00 ,39.00 ,6.00 ,38.00 ,0.50 ,6.00 ,17.00 ,100.00 ,52.76 ,16.38 ,4.12 ,10.86 ,1.67 
2.22 ,1033.28 ,978.52 ,1.71 ,1.44 ,0.16 ,-47.24 ,122581.00 ,0.02 ,65.48 ,204.00 ,9.00 ,6.00 ,36.00 ,4.00 ,1.00 ,53.50 ,100.00 ,56.77 ,0.00 ,57.21 ,101.51 ,6.82 
28.67 ,266.98 ,217.23 ,1.19 ,0.93 ,0.86 ,7.26 ,1851102.00 ,0.13 ,100.65 ,1855.00 ,25.00 ,5.00 ,33.00 ,5.50 ,1.00 ,74.70 ,100.00 ,80.42 ,0.19 ,24.61 ,36.25 ,54.79 
30.37 ,294.39 ,191.30 ,2.51 ,0.74 ,3.54 ,3.48 ,2216161.00 ,0.27 ,123.31 ,399.00 ,4.00 ,6.00 ,39.00 ,6.00 ,1.00 ,58.20 ,100.00 ,68.48 ,250.33 ,7.17 ,12.20 ,39.90 
22.54 ,389.25 ,343.11 ,1.39 ,1.24 ,3.04 ,-4.28 ,884397.50 ,0.20 ,73.99 ,441.00 ,9.00 ,8.00 ,39.00 ,5.50 ,4.00 ,45.10 ,100.00 ,19.01 ,53.06 ,17.79 ,30.30 ,3.60 
19.12 ,444.35 ,405.82 ,3.72 ,1.24 ,1.52 ,15.42 ,1062460.00 ,0.15 ,74.81 ,613.00 ,29.00 ,6.00 ,35.00 ,0.50 ,1.00 ,42.40 ,100.00 ,94.60 ,33.76 ,27.28 ,42.81 ,17.57 
19.76 ,506.75 ,451.54 ,1.69 ,1.20 ,4.74 ,9.14 ,262682.00 ,0.19 ,75.96 ,114.00 ,6.00 ,4.00 ,37.00 ,13.50 ,2.00 ,42.00 ,100.00 ,8.24 ,18.70 ,16.32 ,25.57 ,4.20 
41.29 ,232.58 ,128.62 ,1.41 ,0.97 ,13.60 ,-6.34 ,2262135.00 ,0.43 ,94.37 ,565.00 ,44.00 ,3.00 ,30.00 ,4.00 ,1.00 ,18.60 ,100.00 ,89.06 ,86.08 ,8.25 ,12.57 ,-6.84 
11.52 ,893.30 ,756.87 ,0.73 ,1.62 ,13.55 ,-53.76 ,177113.00 ,0.16 ,56.48 ,127.00 ,10.00 ,6.00 ,38.00 ,3.00 ,2.00 ,24.10 ,100.00 ,97.35 ,0.00 ,18.74 ,44.16 ,-1.02 
30.14 ,248.10 ,126.74 ,1.42 ,1.16 ,1.45 ,26.90 ,2859693.00 ,0.31 ,78.97 ,904.00 ,13.00 ,5.00 ,35.00 ,45.00 ,6.00 ,35.50 ,100.00 ,57.19 ,346.70 ,14.84 ,23.72 ,4.31 
29.33 ,283.21 ,249.33 ,1.17 ,1.21 ,1.71 ,9.20 ,966882.00 ,0.18 ,75.17 ,304.00 ,3.00 ,8.00 ,38.00 ,0.00 ,4.00 ,36.70 ,100.00 ,64.69 ,135.03 ,11.19 ,20.77 ,0.89 
32.37 ,535.79 ,463.60 ,0.89 ,1.31 ,1.07 ,19.21 ,268096.50 ,0.17 ,69.61 ,100.00 ,17.00 ,5.00 ,35.00 ,1.50 ,2.00 ,22.70 ,100.00 ,68.22 ,14.00 ,12.77 ,19.03 ,-4.90 
32.11 ,369.26 ,340.96 ,1.73 ,0.97 ,49.82 ,26.22 ,262889.50 ,0.14 ,94.73 ,176.00 ,0.00 ,5.00 ,36.00 ,19.00 ,2.00 ,50.20 ,100.00 ,47.33 ,34.52 ,23.38 ,36.26 ,-24.84 
2.85 ,782.82 ,728.19 ,1.71 ,1.21 ,0.18 ,-42.24 ,141815.00 ,0.02 ,91.12 ,204.00 ,9.00 ,6.00 ,36.00 ,4.00 ,1.00 ,53.50 ,100.00 ,56.77 ,0.00 ,48.33 ,88.10 ,17.59 
29.64 ,262.16 ,214.44 ,1.25 ,1.04 ,1.02 ,11.79 ,2226145.00 ,0.15 ,87.87 ,1855.00 ,25.00 ,5.00 ,33.00 ,5.50 ,1.00 ,74.70 ,100.00 ,80.42 ,0.19 ,21.43 ,42.82 ,7.72 
33.63 ,262.30 ,167.93 ,2.50 ,0.81 ,4.19 ,16.98 ,2602825.00 ,0.30 ,113.09 ,399.00 ,4.00 ,6.00 ,39.00 ,6.00 ,1.00 ,58.20 ,100.00 ,68.48 ,250.33 ,7.37 ,11.99 ,52.40 
23.05 ,380.47 ,334.93 ,1.46 ,1.30 ,3.29 ,7.03 ,934782.00 ,0.20 ,70.35 ,441.00 ,9.00 ,8.00 ,39.00 ,5.50 ,4.00 ,45.10 ,100.00 ,19.01 ,53.06 ,16.17 ,28.56 ,1.57 
19.69 ,430.66 ,386.04 ,5.31 ,1.30 ,1.75 ,4.46 ,1206360.00 ,0.17 ,72.04 ,613.00 ,29.00 ,6.00 ,35.00 ,0.50 ,1.00 ,42.40 ,100.00 ,94.60 ,33.76 ,24.12 ,38.26 ,19.15 
20.56 ,482.18 ,424.14 ,1.63 ,1.27 ,5.21 ,12.53 ,282727.00 ,0.20 ,72.00 ,114.00 ,6.00 ,4.00 ,37.00 ,13.50 ,2.00 ,42.00 ,100.00 ,8.24 ,18.70 ,16.43 ,25.08 ,1.93 
40.76 ,233.74 ,136.96 ,1.68 ,1.13 ,12.91 ,21.20 ,2574651.00 ,0.50 ,82.18 ,565.00 ,44.00 ,3.00 ,30.00 ,4.00 ,1.00 ,18.60 ,100.00 ,89.06 ,86.08 ,7.85 ,12.03 ,2.52 
13.71 ,731.95 ,603.22 ,0.78 ,1.63 ,15.61 ,-23.34 ,187223.00 ,0.17 ,56.24 ,127.00 ,10.00 ,6.00 ,38.00 ,3.00 ,2.00 ,24.10 ,100.00 ,97.35 ,0.00 ,19.29 ,42.98 ,-4.55 
30.53 ,239.41 ,129.53 ,1.41 ,1.17 ,1.43 ,22.76 ,3054239.00 ,0.32 ,77.87 ,904.00 ,13.00 ,5.00 ,35.00 ,45.00 ,6.00 ,35.50 ,100.00 ,57.19 ,346.70 ,14.55 ,22.74 ,10.14 
33.04 ,505.78 ,433.89 ,0.95 ,1.25 ,1.03 ,19.24 ,256787.00 ,0.16 ,73.05 ,100.00 ,17.00 ,5.00 ,35.00 ,1.50 ,2.00 ,22.70 ,100.00 ,68.22 ,14.00 ,13.22 ,19.80 ,-4.66 
31.39 ,394.10 ,345.78 ,1.93 ,0.82 ,53.61 ,-22.65 ,259945.00 ,0.15 ,113.01 ,176.00 ,0.00 ,5.00 ,36.00 ,19.00 ,2.00 ,50.20 ,100.00 ,47.33 ,34.52 ,23.82 ,34.62 ,-38.90 
28.74 ,313.83 ,264.05 ,1.84 ,2.41 ,5.37 ,9.83 ,7622580.00 ,0.43 ,37.74 ,716.00 ,35.00 ,4.00 ,33.50 ,29.00 ,10.50 ,12.05 ,71.34 ,70.10 ,355.00 ,4.34 ,6.60 ,-10.45 
32.81 ,275.96 ,216.10 ,2.01 ,2.94 ,6.82 ,12.57 ,8502285.00 ,0.54 ,31.37 ,611.00 ,4.00 ,4.00 ,33.00 ,13.00 ,10.00 ,9.20 ,79.60 ,66.63 ,320.00 ,3.46 ,5.38 ,9.19 
35.24 ,252.94 ,185.51 ,2.12 ,2.18 ,7.54 ,26.94 ,7927460.00 ,0.53 ,42.55 ,552.00 ,4.00 ,4.00 ,33.00 ,17.00 ,10.00 ,9.30 ,85.30 ,66.75 ,310.00 ,3.50 ,5.24 ,-0.56 
37.79 ,237.36 ,160.24 ,2.17 ,2.04 ,8.57 ,4.43 ,7631580.00 ,0.52 ,45.01 ,552.00 ,4.00 ,4.00 ,33.00 ,17.50 ,10.00 ,9.30 ,85.30 ,66.75 ,310.00 ,3.24 ,5.13 ,-1.49 
40.86 ,217.91 ,133.46 ,2.47 ,2.45 ,10.95 ,12.95 ,7976315.00 ,0.57 ,37.39 ,499.00 ,5.00 ,4.00 ,32.00 ,10.50 ,6.00 ,6.90 ,88.60 ,64.49 ,222.00 ,2.49 ,4.10 ,31.32 
42.13 ,206.33 ,120.17 ,2.44 ,2.38 ,10.70 ,1.62 ,7750990.00 ,0.56 ,38.39 ,499.00 ,5.00 ,4.00 ,32.00 ,14.00 ,6.00 ,6.90 ,88.60 ,64.49 ,222.00 ,2.62 ,4.28 ,62.19 
32.87 ,277.96 ,220.90 ,1.86 ,2.19 ,5.39 ,-6.82 ,8348856.00 ,0.44 ,41.67 ,762.00 ,35.00 ,4.00 ,34.00 ,24.00 ,11.00 ,15.00 ,68.77 ,73.69 ,380.00 ,5.05 ,7.22 ,-0.09 
32.88 ,279.44 ,231.36 ,1.78 ,2.35 ,5.11 ,0.09 ,7705872.00 ,0.42 ,38.69 ,762.00 ,35.00 ,4.00 ,34.00 ,24.50 ,11.00 ,15.00 ,68.77 ,73.69 ,380.00 ,5.25 ,7.53 ,-5.15 
31.21 ,284.51 ,223.53 ,2.14 ,2.88 ,7.34 ,22.54 ,8541351.00 ,0.57 ,32.17 ,552.00 ,4.00 ,4.00 ,33.00 ,16.00 ,10.00 ,9.30 ,85.30 ,66.75 ,310.00 ,3.98 ,5.87 ,5.08 
36.09 ,250.93 ,173.20 ,2.36 ,2.53 ,10.12 ,10.15 ,7785316.00 ,0.55 ,36.67 ,525.50 ,4.50 ,4.00 ,32.50 ,16.00 ,8.00 ,8.10 ,86.95 ,65.62 ,266.00 ,3.10 ,4.83 ,-1.96 
36.24 ,248.18 ,168.38 ,2.49 ,2.75 ,11.17 ,22.68 ,8147138.00 ,0.59 ,33.19 ,499.00 ,5.00 ,4.00 ,32.00 ,11.00 ,6.00 ,6.90 ,88.60 ,64.49 ,222.00 ,2.40 ,3.84 ,11.27 
39.87 ,221.87 ,131.53 ,2.52 ,2.57 ,11.12 ,-0.49 ,7941567.00 ,0.61 ,35.53 ,471.50 ,4.50 ,3.50 ,32.00 ,15.00 ,5.00 ,10.50 ,90.30 ,64.48 ,356.00 ,3.09 ,5.04 ,83.65 
39.32 ,227.58 ,143.17 ,2.55 ,2.69 ,10.06 ,17.50 ,7377024.00 ,0.62 ,33.86 ,444.00 ,4.00 ,3.00 ,32.00 ,14.00 ,4.00 ,14.10 ,92.00 ,64.46 ,490.00 ,3.61 ,5.72 ,57.55 
