A1,A2,A3,A4,A5,A6,A7,A8,A9,A10,B1,B2,B3,B4,B5,C1,C2,C3,C4,D1,D2,D3,D4,D5,ROE,EPS
56.22,192.38,134.23,2.06,0.915,0.405,-12.735,1299017,0.11,99.85,861,8,7,36,59.5,21,43.9,100,63.59,0,49.14,109.305,-25.895,0.069,-13.94,-1.16
34.58,254.035,202.515,1.49,1.455,3.52,2.235,5110452,0.24,62.625,634,58,3,34,18.5,25,33.4,99.5,91.12,0,22.4,28.255,38.47,0.337,2.52,0.52
17.315,398.56,341.48,1.6,1.725,1.48,39.18,1369489,0.195,52.76,562,6,6,36,18,19,14.4,29.3,48.04,55.2,16.875,23.745,30.64,0.243,2.09,0.35
16.195,461.2,455.365,2.61,0.805,6.51,13.755,1414918,0.21,113.8,318,2,5,37,6,9,26.1,100,49.995,33.367,7.64,12.515,44.16,0.626,4.72,1.16
11.905,385.465,409.295,1.445,1.425,9.195,9.535,1050400,0.145,64.965,532,7,5,36,4,6,38.5,38.5,37.66,110.39,15.875,28.835,97,0.615,1.97,0.62
37.725,179.805,183.8,0.96,2.215,4.725,7.275,7921182,0.25,41.315,1268,9,4,34,48.5,8,28.7,80.3,74.625,709.152,10.505,14.15,42.51,0.461,5.66,2.01
19.73,255.425,253.505,1.5,2.14,1.555,16.475,1476463,0.195,42.565,738,8,5,36,14,10,38.8,67.7,44.615,170.76,21.69,32.18,7.48,0.183,3.29,0.58
17.95,347.23,392.27,3.14,3.795,2.625,43.55,1393455,0.215,24.42,191,30,5,35,3.5,3,49.2,100,91.195,122.773,14.24,20.555,52.005,0.408,5.87,1.12
7.095,918.545,1070.15,1.53,1.07,0.8,72.415,150933.5,0.115,85.95,76,13,7,42,0,3,63.7,100,82.71,12.238,16.95,32.785,41.695,0.615,3.18,0.53
33.34,236.345,143.91,2.265,1.575,4.715,-9.53,2175739,0.52,58.045,484,17,4,36,0,4,15,81.2,91.235,41.254,10.265,15.24,-9.485,1,3.97,0.86
20.23,355.805,343.715,1.78,0.905,3.785,36.06,909148.5,0.205,100.565,379,10,6,37,13.5,5,53.8,43.7,71.36,75.009,15.95,27.935,13.765,0.348,5.31,0.86
17.79,499.635,454.605,1.06,1.7,16.515,21.39,444397.5,0.28,53.79,131,1,4,35,0.5,3,43,95.9,97.635,25.548,11.475,23.83,62.175,1,3.84,0.74
27.385,246.255,225.76,1.495,1.16,5.495,28.785,2561970,0.39,78.475,577,6,4,34,17,7,35.1,65.9,44.61,348.647,9.83,18.6,42.875,0.549,9.78,3.69
26,272.805,217.49,1.265,1.52,6.385,6.945,1375533,0.34,60.37,314,26,4,36,2.5,6,27.3,94.1,75.005,60.786,12.33,15.98,-10.005,0.559,4.28,1.16
19.705,338.69,356.125,0.925,1.385,10.685,26.09,1146047,0.25,66.475,253,4,6,35,0,3,30.7,73.9,82.23,122.411,7.95,14.085,25.6,1,6.05,2.78
26.55,297.7,202.63,0.735,0.835,9.145,10.68,839663.5,0.285,109.135,109,3,5,35,0,3,17.6,72.9,75.205,20.424,3.395,7.91,28.46,1,2.43,0.4
17,498.21,468.545,2.46,2.1,4.05,26.135,1092471.5,0.16,43.4,171,17,4,35,14.5,2,48,100,90.03,248.66,11.295,20.515,-4.64,0.457,3.86,1.83
21.605,363.225,263.04,1.105,1.235,9.555,14.115,212691.5,0.38,73.515,96,2,5,35,3.5,4,32.3,45.5,33.93,16.21,13.355,18.26,68.435,0.906,4.98,0.72
21.3,342.06,307.955,1.18,2.33,0.89,12.83,234577.5,0.195,41.075,122,14,3,32,8.5,2,41.1,94.3,24.42,42.08,11.915,21.525,19.82,0.829,5.12,1.25
9.175,950.455,939.06,3.19,0,4.845,65.21,186704,0.205,0,178,8,4,34,3.5,3,14.7,100,42.93,30.92,33.925,47.17,41.825,0.471,4.21,0.63
10.385,931.025,860.145,1.855,1.31,27.6,23.815,112800,0.115,70.43,124,5,3,33,7,2,46,79.5,41.99,16.75,21.57,38.345,0.225,1,3.73,0.77
52.59,239.25,106.89,2.145,0.83,0.42,-9.58,1309988,0.11,110.43,861,8,7,36,58,21,41.9,100,62.73,0.0785,52.165,115.58,-8.1,0.054,-9.47,-0.85
30.375,256.105,215.54,1.395,1.395,2.95,7.94,3831760,0.19,65.365,634,58,3,34,19,25,34.35,99.7,95.08,48.2895,24.925,32.25,35.955,0.283,2.58,0.42
16.295,379.775,369.05,1.685,1.625,1.425,11.945,1305137,0.185,56.17,562,6,6,36,9,20,24.05,28.7,49.88,66.35,17.14,25.345,52.265,0.228,4.66,0.74
17.075,418.245,416.16,2.825,0.84,7.98,-7.86,1704969,0.245,109.965,318,2,5,37,2,9.5,28.8,100,52.23,76.9655,7.11,12.05,119.62,0.756,5.96,1.49
12.315,419.23,415.495,1.505,1.36,9.235,26.865,1053605,0.145,67.47,532,7,5,36,4,5.5,36.5,36.5,32.9,89.799,16.595,29.245,83.72,0.731,1.58,0.49
39.715,175.615,180.165,0.925,2.17,4.9,10.06,7998262,0.24,42.075,1268,9,4,34,41,8,26.55,83.3,73.3,759.048,10.305,14.02,95.155,0.448,6.04,2.11
20.43,251.685,255.555,1.375,2.125,1.555,21.15,1448630,0.185,42.91,738,8,5,36,10,10,35.8,72.1,42.58,149.5495,21.58,32.07,33.4,0.203,4.17,0.72
19.24,375.63,366.83,2.975,3.255,2.47,28.575,1312079,0.19,31.125,191,30,5,35,1,3,47.2,100,93.65,119.8535,14.58,20.975,69.085,0.564,4.98,0.95
6.59,973.99,1175.27,1.435,1.115,0.75,73.13,146087.5,0.105,83.385,76,13,7,42,3,3.5,63.3,100,80.39,11.571,17.45,33.675,34.86,0.362,3.45,0.57
32.215,226.53,146.615,2.095,1.445,4.785,2.655,2140216,0.515,63.085,484,17,4,36,0,4,21.5,79.9,87.12,47.0735,10.235,15.34,3.6,1,5.43,1.19
19.32,317.915,371.755,1.69,0.9,3.865,1.42,891250,0.2,101.375,379,10,6,37,13,5,51.1,43.2,72.23,85.26,15.64,27.84,44.665,0.344,7.57,1.22
17.45,458.22,465.92,0.905,1.46,15.85,5.885,412697.5,0.245,62.93,131,1,4,35,3,4.5,42.15,96.1,98.06,25.499,11.545,24.275,73.875,1,4.24,0.82
27.425,227.705,225.24,1.49,1.18,4.935,34.185,2695297,0.38,77.235,577,6,4,34,22,7,35.2,65.05,43.61,416.7825,9.48,18.495,95.255,0.433,11.49,4.33
25.495,219.295,223.55,1.21,1.465,5.34,25.46,1301554,0.32,62.35,314,26,4,36,9,8.5,26.4,97.05,78.59,53.7345,13.32,17.145,20.825,0.448,4.83,1.32
19.86,299.995,361.305,0.885,1.305,11.25,24.06,1123553,0.235,69.9,253,4,6,35,0,2.5,32.7,75.7,81.69,143.8895,8.105,14.465,34.63,1,7.25,3.3
24.79,330.785,200.365,0.745,0.805,9.11,9.945,828450,0.275,113.255,109,3,5,35,0,3,16.35,71.8,74.41,16.0875,3.435,8.405,46.465,1,3.22,0.54
17.225,496.13,466.6,2.315,1.98,3.845,24.05,1066108,0.15,45.945,171,17,4,35,12.5,2,48,100,90.03,248.66,11.9,20.97,25.875,0.398,4.74,2.22
21.13,375.38,269.345,1.025,1.185,9.29,16.52,208182.5,0.36,77.03,96,2,5,35,0,4,32.3,45.5,33.93,16.21,14.02,19.095,98.34,0.942,6.83,0.99
20.45,353.91,319.78,1.26,2.38,0.885,24.705,238874.5,0.205,40.545,122,14,3,32,10,2,41.1,94.3,24.42,42.08,11.63,21.675,107.16,0.819,6.29,1.57
17.235,609.735,602.375,2.54,0,3.125,40.35,183727,0.18,0,178,8,4,34,2,3,14.7,100,42.93,30.92,33.41,47.74,67.93,0.327,8.29,1.22
12.28,788.03,713.59,1.85,1.04,34.02,2.895,121607.5,0.12,88.665,124,5,3,33,2,2,46,79.5,41.99,16.75,22.935,40.14,25.6,1,3.95,0.8
48.64,229.35,156.08,2.18,0.75,0.455,-15.985,1379877,0.11,121.555,861,8,7,36,49,21,39.9,100,62.73,0.157,48.98,98.57,8.795,0.057,6.96,0.7
28.96,284.34,212.955,1.475,1.475,2.9,8.705,3497415,0.185,62.08,634,58,3,34,18.5,25,35.3,99.9,95.08,96.579,21.445,28.625,-3.575,0.257,1.67,0.34
19.215,452.68,323.975,1.95,1.695,1.715,6.5,1549646,0.21,54.21,562,6,6,36,12.5,21,33.7,28.1,49.88,77.5,15.085,22.555,57.5,0.205,4.27,0.69
21.56,499.09,334.235,2.955,0.98,9.545,11.855,2207196,0.295,92.715,318,2,5,37,3.5,10,31.5,100,52.23,120.564,6.105,10.29,132.405,0.758,1.73,0.45
16.17,536.84,330.7,1.625,1.325,9.795,17.525,1116550,0.15,69.865,532,7,5,36,5,5,34.5,34.5,32.9,69.208,16.35,28.52,22.98,0.61,0.75,0.23
45.65,194.205,160.02,0.965,2.19,5.605,1.395,9031245,0.25,41.68,1268,9,4,34,33.5,8,24.4,86.3,73.3,808.944,9.79,13.275,77.875,0.497,6,2.07
24.86,302.79,220.165,1.45,2,1.77,11.02,1614431,0.195,45.6,738,8,5,36,7.5,10,32.8,76.5,42.58,128.339,19.615,29.315,35.325,0.24,4.38,0.73
22.225,448.295,322.18,2.61,2.1,2.22,10.99,1185004,0.16,43.44,191,30,5,35,1,3,45.2,100,93.65,116.934,16.365,24.805,33.565,0.445,3.02,0.57
9.885,1330.59,854.765,1.395,1.155,0.77,49,148755,0.1,79.905,76,13,7,42,2,4,62.9,100,80.39,10.904,16.64,32.92,20.495,0.38,2.67,0.44
36.855,256.515,131.955,2.24,1.515,5.375,8.785,2361567,0.535,60.465,484,17,4,36,0.5,4,28,78.6,87.12,52.893,9.535,14.09,20.315,0.969,6.21,1.38
25.96,385.315,300.895,1.79,1.12,4.71,5.075,1046738,0.22,83.87,379,10,6,37,16,5,48.4,42.7,72.23,95.511,14.415,26.19,61.59,0.382,6.05,0.96
19.775,537.97,422.21,0.785,1.215,15.22,2.49,383476,0.22,75.54,131,1,4,35,4,6,41.3,96.3,98.06,25.45,11.54,24.945,34.655,0.899,2.45,0.46
34.425,268.645,190.805,1.505,1.37,4.135,20.855,3048443,0.385,66.94,577,6,4,34,22.5,7,35.3,64.2,43.61,484.918,9.235,18.34,94.56,0.437,11.58,4.18
30.535,240.345,196.43,1.255,1.63,4.365,9.465,1383793,0.32,56,314,26,4,36,6,11,25.5,100,78.59,46.683,12.88,16.465,26.15,0.338,3.76,1.01
27.355,345.285,281.22,0.935,1.28,13.755,10.95,1293149,0.25,71.13,253,4,6,35,0,2,34.7,77.5,81.69,165.368,7.205,13.665,43.13,1,6.11,2.74
32.485,441.595,187.28,0.8,0.835,9.99,3.555,901465.5,0.275,109.015,109,3,5,35,0,3,15.1,70.7,74.41,11.751,3.005,7.82,31.39,1,2.27,0.37
22.61,393.76,366.2,2.335,1.895,4.31,15.295,1214109.5,0.16,48.14,171,17,4,35,15.5,2,48,100,90.03,248.66,11.75,20.235,54.785,0.392,3.51,1.59
27.86,305.485,214.81,1.06,1.135,10.5,9.19,232844.5,0.37,80.43,96,2,5,35,0,4,32.3,45.5,33.93,16.21,13.415,18.08,66.675,0.821,4.43,0.63
26.22,289.955,261.38,1.51,3.005,1.2,21.575,324633,0.26,30.325,122,14,3,32,13.5,2,41.1,94.3,24.42,42.08,9.5,16.67,117.27,0.924,6.05,1.54
24.255,259.645,254.055,3.08,0,0.765,26.65,200127,0.17,0,178,8,4,34,4,3,14.7,100,42.93,30.92,32.9,47.52,65.38,0.324,6.92,0.99
17.42,580.005,514.32,2.02,0.95,43.12,5.355,158659,0.15,95.685,124,5,3,33,0,2,46,79.5,41.99,16.75,19.035,34.115,53.58,1,3,0.58
38.095,252.94,193.055,2.165,0.72,0.485,-18.32,1440587,0.105,126.805,861,8,7,36,68.5,21,39.9,100,62.73,0.157,42.96,89.205,13.75,0.057,0.41,0.03
27.685,309.88,212.455,1.425,1.385,2.985,8.26,3570276,0.185,67.13,634,58,3,34,18.5,25,35.3,99.9,95.08,96.579,22.345,29.42,-32.015,0.272,0.02,0.02
20.18,461.64,312.44,2.015,1.81,2.045,27.175,1822021,0.24,50.33,562,6,6,36,14.5,21,33.7,28.1,49.88,77.5,13.25,20.84,34.715,0.189,-0.35,-0.01
22.87,495.125,270.82,2.46,0.745,6.91,-7.3,1962566,0.25,139.5,318,2,5,37,4,10,31.5,100,52.23,120.564,7.915,12.59,57.655,0.508,-6.41,-1.54
15.315,509.12,345.665,1.525,1.055,9.025,-3.36,1023012,0.135,87.175,532,7,5,36,5,5,34.5,34.5,32.9,69.208,17.905,31.59,-3,0.684,0.56,0.17
46.725,203.8,153.805,0.9,1.975,5.88,0.165,9469079,0.25,46.205,1268,9,4,34,30,8,24.4,86.3,73.3,808.944,9.74,13.085,19.91,0.525,4.15,1.5
25.035,340.63,214.635,1.445,1.865,1.93,13.54,1721394,0.205,48.82,738,8,5,36,5,10,32.8,76.5,42.58,128.339,20.11,29.325,12.725,0.297,1.6,0.31
20.605,479.315,357.74,2.35,2.225,1.86,11.98,1010290,0.135,41.325,191,30,5,35,1.5,3,45.2,100,93.65,116.934,17.225,27.7,-23.25,0.402,2.8,0.55
9.68,1303.42,904.315,1.315,1.045,0.765,44.625,145994,0.1,87.075,76,13,7,42,0.5,4,62.9,100,80.39,10.904,15.905,33.105,0.645,0.154,0.14,0.03
38.525,298.19,121.955,2.3,1.59,6.17,3.57,2661456,0.57,57.395,484,17,4,36,3.5,4,28,78.6,87.12,52.893,9.205,13.635,24.915,0.731,4.89,1.15
54.04,192.705,84.355,2.395,1.56,10.46,-13.7,1503323,0.535,60.525,285,16,2,32,1.5,1,14.3,100,87.16,41.747,7.105,10.635,24.53,0.83,-0.66,-0.19
27.905,453.18,268.615,1.73,1.265,5.23,39.105,1151392,0.235,72.12,379,10,6,37,12.5,5,48.4,42.7,72.23,95.511,14.42,24.975,38.03,0.408,2.91,0.49
21.14,536.895,384.24,0.735,1.03,14.44,15.61,351998.5,0.2,88.725,131,1,4,35,4,6,41.3,96.3,98.06,25.45,11.44,25.695,-2.46,0.894,-0.85,-0.16
36.495,282.625,179.16,1.42,1.51,3.88,23.845,3311710,0.39,60.2,577,6,4,34,27.5,7,35.3,64.2,43.61,484.918,9.335,19.12,45.795,0.429,6.86,2.78
36.02,271.695,157.005,1.26,1.57,3.195,2.67,1400649,0.295,58.37,314,26,4,36,4.5,11,25.5,100,78.59,46.683,13.48,17.3,1.59,0.359,2.56,0.76
28.69,349.99,235.375,0.88,1.07,10.12,10.715,1314022,0.24,86.41,253,4,6,35,0,2,34.7,77.5,81.69,165.368,7.3,13.63,20.845,1,1.46,0.68
35.655,485.605,192.82,0.81,0.78,10.85,-13.36,963997.5,0.27,117.01,109,3,5,35,0.5,3,15.1,70.7,74.41,11.751,3.34,8.195,17.47,0.995,-1.82,-0.29
22.885,390.845,360.01,2.155,1.67,4.445,10.135,1259839.5,0.16,55.19,171,17,4,35,18,2,48,100,90.03,248.66,11.48,19.785,30.535,0.378,1.35,0.66
29.235,293.07,194.905,1.03,1.005,10.805,15.115,243467,0.365,92.1,96,2,5,35,0,4,32.3,45.5,33.93,16.21,13.52,18.215,30.985,0.946,2.84,0.42
24.215,324.555,292.39,1.35,2.91,1.28,17.06,345316.5,0.265,31.385,122,14,3,32,12.5,2,41.1,94.3,24.42,42.08,11.05,16.475,37.8,0.523,1.82,0.48
17.425,386.98,373.33,3.045,0,0.655,33.115,233353.5,0.2,0,178,8,4,34,3,3,14.7,100,42.93,30.92,27.365,41.22,50.88,0.373,4.75,0.72
19.75,492.67,423.26,2.075,0.88,38.865,0.77,174899,0.165,104.895,124,5,3,33,1,2,46,79.5,41.99,16.75,17.905,31.51,47.655,1,2.34,0.47
3.965,1068.285,966.215,1.025,1.42,0.555,42.06,546741.5,0.04,74.27,663,8,5,34,1,11,40.8,100,89.89,12.808,46.09,54.935,-53.125,0.262,-1.41,-0.24
25.5,283.305,215.155,1.435,0.9,1.225,2.605,5024795,0.21,101.41,1902,12,5,34,46,9,43.2,100,30.985,322.602,18.975,31.435,-13.2,0.176,1.64,0.57
33.285,229.35,179.165,2.3,0.73,0.51,-16.885,1486220,0.105,125.3,845,5,8,37,69,21,39.9,100,65.905,0.157,41.02,87.46,14.44,0.075,3.76,0.34
13.585,749.38,679.575,0.815,1.51,2.345,21.44,526762,0.15,60.265,282,21,7,36,1.5,14,10.7,53.8,66.355,22.374,10.805,19.675,-12.96,0.319,0.92,0.11
19.49,425.885,380.46,3.385,1.325,3.275,13.565,25430344.5,0.175,68.95,6746,14,3,32,93,7,52.6,100,90.225,3863.296,24.475,30.005,-20.02,0.355,2.91,3.03
17.01,452.68,365.23,1.85,1.535,1.805,23.805,1595356.5,0.21,60.52,605,6,7,36,10,21,33.7,28.1,57.13,77.5,15.535,24.67,15.97,0.247,0.32,0.09
18.815,499.09,272.06,2.13,0.475,3.315,-49.155,1305719.5,0.17,190.33,331,9,5,37,2.5,10,31.5,100,56.755,120.564,9.865,14.675,-7.65,0.472,0.84,0.2
11.375,536.84,438.87,1.525,0.955,8.545,-0.355,956102,0.13,95.11,544,8,6,37,7.5,5,34.5,34.5,34.305,69.208,18.545,32.655,-8.23,0.688,1.31,0.41
42.155,194.205,168.57,0.845,1.8,5.7,9.605,9126533.5,0.24,50.58,1339,7,4,35,39.5,8,24.4,86.3,74.245,808.944,9.615,13.125,15.45,0.67,4.06,1.53
20.63,302.79,254.465,1.45,1.765,1.925,18.575,1694107.5,0.205,51.705,681,17,5,36,8.5,10,32.8,76.5,46.82,128.339,21.415,30.76,15.225,0.247,1.66,0.32
16.49,448.295,425.875,2.35,2.31,1.615,21.29,894569.5,0.125,39.555,200,14,5,33,1,3,45.2,100,95.53,116.934,19.225,31.925,-35.845,0.43,2.19,0.44
6.505,1330.59,1238.815,1.21,1.07,0.665,60.215,125449,0.09,84.85,75,1,8,43,0,4,62.9,100,79.025,10.904,18.83,38.15,-17.18,0.269,0.98,0.17
34.02,256.515,142.445,2.155,1.595,6.555,7.5,2774129,0.585,57.205,494,8,4,36,3,4,28,78.6,77.785,52.893,9.14,13.42,27.595,0.828,4.6,1.12
51.125,175.84,82.13,2.17,1.24,9.6,-7.845,1638913.5,0.54,73.42,376,16,2,33,1,1,14.3,100,85.11,41.747,7.225,10.885,62.385,1,1.8,0.51
17.91,537.97,454.705,0.765,0.975,13.62,31.9,319373.5,0.185,93.255,133,15,5,35,3,6,41.3,96.3,97.63,25.45,11.445,26.53,-28.155,1,1.07,0.2
30.19,268.645,204.31,1.315,1.33,3.43,26.875,3022257,0.355,69.975,679,2,4,34,24,7,35.3,64.2,47.28,484.918,10.03,20.24,17.92,0.46,7.02,2.91
33.32,240.345,170.065,1.23,1.28,2.68,3.095,1285158.5,0.26,71.795,336,41,3,35,7,11,25.5,100,77.965,46.683,14.4,18.745,-6.48,0.37,0.83,0.3
22.635,345.285,261.785,0.84,0.905,4.045,10.435,1213536,0.225,100.385,284,2,6,36,0,2,34.7,77.5,82.455,165.368,8.995,15.345,6.625,1,4.82,2.32
29.875,441.595,223.185,0.775,0.67,9.46,-15.545,903729.5,0.26,136.645,117,1,5,36,0.5,3,15.1,70.7,74.11,11.751,4.185,8.17,7.405,1,-0.82,-0.13
18.36,478.03,440.415,1.875,1.385,3.74,12.565,1046023,0.135,66.14,198,6,4,35,18,2,42.5,100,89.59,67.82,12.025,20.835,-4.705,0.447,1.05,0.54
23.045,377.5,239.49,0.985,0.83,10.22,17.38,223057.5,0.34,109.815,102,8,5,35,0.5,4,32.8,46.2,32,16.93,14.77,20.33,4.855,0.894,3.33,0.51
18.52,396.66,354.08,1.185,2.47,1.11,24.615,297098,0.235,37.34,127,13,4,33,6.5,2,31.2,94,19.92,23.54,12.215,17.26,29.255,1,4.18,1.14
11.44,524.24,510.25,2.455,0,0.625,72.85,221456.5,0.2,0,194,11,4,34,3.5,3,20.6,100,43.27,19.78,29.64,46.445,19.515,0.21,2.15,0.4
16.2,603.415,511.28,2.215,0.78,31.49,-5.925,173603.5,0.165,116.965,142,3,3,34,1.5,2,39.7,93.2,44.27,33.95,20.705,34.3,54.635,1,6.11,1.27
4.18,922.8,817.25,1.185,1.08,0.405,6.985,392730.5,0.03,86.705,663,8,5,34,0.5,11,41.15,100,84.97,0.6404,59.78,71.35,-41.935,0.188,-1.61,-0.26
21.155,314.745,244.1,1.59,1.07,1.285,10.84,5058854.5,0.23,88.135,1902,12,5,34,48.5,9.5,43.65,100,33.08,293.122,17.13,30.775,-12.06,0.206,3.74,1.29
32.68,252.94,198.645,2.64,0.685,0.53,-23.13,1504402,0.11,134.9,845,5,8,37,63.5,20.5,39.85,100,69.08,0.0785,45.61,89.405,14.895,0.081,-17.37,-1.5
13.985,724.685,656.43,0.84,1.555,2.25,17.335,501045.5,0.14,58.63,282,21,7,36,1.5,19.5,8,55.65,61.96,11.187,10.425,19.015,-14.42,0.372,0.57,0.07
18.23,461.865,411.66,2.915,1.19,2.725,13.025,21273455,0.15,76.61,6746,14,3,32,100,7,48.15,100,90.45,2788.7695,25.43,31.55,-30.66,0.327,3.15,3.05
16.595,461.64,364.97,1.91,1.16,1.455,7.715,1281289.5,0.17,79.69,605,6,7,36,15.5,21,33.95,36.65,64.38,61.25,17.42,29.57,-1.865,0.22,3.84,0.62
18.835,495.125,265.53,2.59,0.5,3.175,-13.62,1377618.5,0.19,181.095,331,9,5,37,3.5,10.5,29.7,100,61.28,60.282,9.41,13.82,-19.565,0.521,-0.83,-0.18
12.17,509.12,417.835,1.6,0.985,7.32,15.34,981383,0.135,92.44,544,8,6,37,7,5,32.95,32.95,35.71,34.604,16.98,30.31,-6.29,0.53,0.82,0.25
40.56,203.8,176.545,0.84,1.665,5.42,8.725,8565309.5,0.225,54.63,1339,7,4,35,49.5,8,24,87.45,75.19,730.517,10.33,13.725,7.945,0.634,4.77,1.73
18.895,340.63,286.85,1.345,1.53,1.705,14.615,1482538,0.18,60.29,681,17,5,36,10,10,29.1,78.15,51.06,73.104,22.15,32.86,3.57,0.24,0.01,0.03
15.765,479.315,446.51,2.295,1.905,1.42,9.775,792258,0.11,48.625,200,14,5,33,0,3,34.8,100,97.41,99.7755,20.855,34.755,-39.645,0.501,1.88,0.35
6.68,1303.42,1214.645,1.155,1.045,0.545,41.2,102466.5,0.075,87.375,75,1,8,43,0,4.5,63.25,99.85,77.66,5.452,24.04,46.45,-29.82,0.269,0.77,0.13
29.73,298.19,187.515,1.91,1.49,5.895,36.945,2442438,0.52,61.58,494,8,4,36,0.5,4,32.45,79.35,68.45,56.1105,10.06,14.695,14.255,1,3.67,0.88
17.26,545.905,485.94,1.27,1.375,6.245,5.925,255298.5,0.185,67.545,115,20,3,35,8,1,37.9,83.1,6.87,32.936,12.625,19.745,-13.73,0.665,3.15,0.84
46.92,192.705,100.065,2.21,1.28,9.915,8.575,1725608,0.545,71.225,376,16,2,33,2,1,14.65,100,83.06,66.522,6.745,10.11,77.845,1,2.62,0.78
19.905,453.18,367.38,1.685,0.78,4.065,2.745,843336,0.18,116.625,378,11,7,38,8,5,47.8,45.7,82.39,79.757,17.675,30.395,-5.36,0.406,4.49,0.73
17.83,536.895,466.395,0.795,1.06,13.29,22.18,295284.5,0.175,86.155,133,15,5,35,3,7,37.55,96.25,97.2,12.725,12.35,29.04,-28.44,0.883,-0.31,-0.06
28.69,282.625,208.785,1.355,1.095,3.02,20.44,2718882,0.32,83.31,679,2,4,34,23.5,7.5,35.85,62.85,50.95,411.3095,10.81,20.955,1.08,0.427,6.44,2.52
28.11,271.695,193.925,1.185,1.11,2.41,-0.81,1122555.5,0.235,82.02,336,41,3,35,6,11,29,100,77.34,36.5275,15.405,20.61,-13.63,0.37,2.48,0.77
21.935,349.99,267.95,0.87,0.93,2.74,12.07,1209404,0.23,97.885,284,2,6,36,0,2,32.6,79.5,83.22,126.9505,9.095,16.13,8.125,1,3.47,1.58
29.165,485.605,248.66,0.75,0.635,6.11,10.02,802933.5,0.25,143.85,117,1,5,36,0,3.5,12.2,66.1,73.81,5.8755,4.545,8.495,-2.84,1,-1.52,-0.19
18.69,474.56,437.01,1.75,1.195,3.085,12.51,843054,0.11,76.25,198,6,4,35,20.5,2,42.5,100,89.59,67.82,12.835,22.535,-20.665,0.407,1.38,0.7
21.855,400.25,258.23,0.99,0.775,10.51,19.095,211591,0.33,117.085,102,8,5,35,1,4,32.8,46.2,32,16.93,14.31,20.17,1.635,1,7.44,1.12
19.54,382.11,330.29,1.31,2.145,1.115,14.72,296041.5,0.235,42.44,127,13,4,33,0,2,31.2,94,19.92,23.54,12.32,17.345,27.185,0.837,2.12,0.56
9.27,809.1,801.37,2.705,0,0.535,67.51,185277,0.15,0,194,11,4,34,7,3,20.6,100,43.27,19.78,35.8,55.915,0.535,0.17,1.74,0.38
17.305,574.9,494.48,2.535,1.1,44.825,11.11,234579.5,0.215,90.38,142,3,3,34,4,2,39.7,93.2,44.27,33.95,17.065,28,90.03,1,9.55,1.94
4.48,849.73,760.58,1.565,1.385,0.525,-21.235,497448.5,0.04,66.095,663,8,5,34,1,11,41.5,100,84.97,0,57.635,72.92,-32.405,0.136,1.35,0.2
26.945,256.055,209.09,1.72,1.42,1.56,20.96,5864134,0.265,65.065,1902,12,5,34,49,10,44.1,100,33.08,263.642,17.005,28.65,-3.91,0.239,2.44,0.83
36.15,274.86,215.36,2.7,0.58,0.5,-27.14,1407641,0.105,158.2,845,5,8,37,60,20,39.8,100,69.08,0,49.525,90.255,2.345,0.078,-21.62,-1.53
17.565,588.085,526.92,0.9,1.615,2.45,2.075,536117,0.15,56.315,282,21,7,36,1,25,5.3,57.5,61.96,0,9,16.935,-12.32,0.467,2.18,0.24
25.305,367.855,327.735,2.81,1.175,2.505,6.775,20424488.5,0.145,77.595,6746,14,3,32,91.5,7,43.7,100,90.45,1714.243,24.615,30.69,-34.605,0.269,4.14,3.73
21.465,369.335,299.315,2.025,1.13,1.545,7.02,1347775,0.18,81.4,605,6,7,36,12.5,21,34.2,45.2,64.38,45,16.245,27.73,-12.095,0.24,1.52,0.25
20.945,441.41,248.895,2.675,0.54,3.695,9.505,1591106,0.225,167.53,331,9,5,37,4.5,11,27.9,100,61.28,0,10.015,14.54,-26.96,0.489,-0.37,-0.08
15.03,398.89,324.96,1.625,1.035,4.965,12.92,1039700,0.14,87.97,544,8,6,37,6,5,31.4,31.4,35.71,0,16.35,29.14,-6.675,0.371,0.23,0.07
43.95,190.985,166.825,0.895,1.72,5.685,6.36,8862751,0.23,53.055,1339,7,4,35,46.5,8,23.6,88.6,75.19,652.09,10.82,13.875,-1.91,0.615,4.42,1.54
21.22,315.935,269.27,1.325,1.505,1.67,10.62,1421021.5,0.17,60.995,681,17,5,36,8,10,25.4,79.8,51.06,17.869,21.395,34.41,-12.035,0.227,-1.09,-0.2
20.07,400.38,367.43,2.445,1.665,1.465,-3.935,812927,0.115,54.745,200,14,5,33,0.5,3,24.4,100,97.41,82.617,19.92,32.24,-30.185,0.314,5.37,0.93
9.01,1008.78,940.755,1.205,0.93,0.515,12.865,96095,0.07,98.49,75,1,8,43,0,5,63.6,99.7,77.66,0,26.715,49.85,-35.395,0.369,1.7,0.27
33.13,274.62,185.76,1.925,1.515,5.33,40.56,2116489,0.45,60.76,494,8,4,36,1,4,36.9,80.1,68.45,59.328,10.85,15.89,-9.785,0.584,4.59,1.07
22.215,454.88,399.545,1.27,1.115,6.14,3.035,251973,0.175,81.88,115,20,3,35,4,1,39.6,85.6,6.87,24.14,14.31,21.235,-21.6,0.89,3.99,0.98
25.59,381.2,312.495,1.81,0.875,4.605,-4.03,931604.5,0.195,106.175,378,11,7,38,7.5,5,47.2,48.7,82.39,64.003,15.76,26.66,-10.45,0.417,4.54,0.7
21.83,440.24,389.38,0.745,1.155,11.985,4.115,267940.5,0.16,78.985,133,15,5,35,3,8,33.8,96.2,97.2,0,13.51,32.87,-30.195,0.818,0.47,0.08
35.85,237.065,172.645,1.5,1.035,3.1,12.53,2824442.5,0.32,88.03,679,2,4,34,31,8,36.4,61.5,50.95,337.701,11,21.025,-7.06,0.419,7.55,2.75
24.51,295.345,209.805,1.23,1.265,2.165,11.105,1126334.5,0.25,73.67,336,41,3,35,5,11,32.5,100,77.34,26.372,15.505,21.105,-18.755,0.314,2.87,0.85
28.585,286.52,221.52,0.87,0.99,2.72,10.385,1259747.5,0.235,91.95,284,2,6,36,0,2,30.5,81.5,83.22,88.533,7.74,15.2,-2.31,0.888,5.58,2.4
32.915,423.575,227.74,0.74,0.645,4.005,13.025,762703.5,0.24,141.38,117,1,5,36,0,4,9.3,61.5,73.81,0,4.555,10.085,-15.115,1,2.03,0.29
23.375,385.455,354.115,1.82,1.14,3.095,6.205,833512.5,0.105,79.795,198,6,4,35,21.5,2,42.5,100,89.59,67.82,12.88,23.315,-31.11,0.391,1.33,0.87
28.835,316.24,213.58,1.04,0.865,13.315,22.43,237092,0.35,106.575,102,8,5,35,1.5,4,32.8,46.2,32,16.93,12.67,18.275,1.57,1,5.07,0.73
23.14,326.345,285.76,1.37,2.2,1.215,4.6,322515,0.245,41.42,127,13,4,33,0,2,31.2,94,19.92,23.54,11.365,16.44,0.52,0.901,3.54,0.91
12.145,743.685,738.485,2.965,0,0.465,22.77,172616,0.105,0,194,11,4,34,6,3,20.6,100,43.27,19.78,35.055,54.02,-12.385,0.491,4.36,0.91
24.305,401.87,341.475,2.485,1.29,63.955,22.16,318036.5,0.265,71.385,142,3,3,34,16,2,39.7,93.2,44.27,33.95,11.945,19.97,101.935,1,7.3,1.53
3.925,1067.995,1001.725,1.32,1.7,0.455,41.925,420912.5,0.035,54.285,663,8,5,34,1.5,11,41.5,100,84.97,0,68.13,88.11,-52.295,0.108,-5.26,-0.72
42.195,222.865,171.3,2.75,0.595,0.47,-15.16,1320256.5,0.105,153.745,845,5,8,37,44,20,39.8,100,69.08,0,42.505,89.4,-8.34,0.092,-10.21,-0.79
18.625,538.415,477.465,0.88,1.565,2.535,3.135,556138,0.165,58.22,282,21,7,36,2,25,5.3,57.5,61.96,0,8.85,16.715,-6.235,0.441,-1,-0.1
26.535,327.57,292.615,2.85,1.36,2.505,8.87,22178815,0.16,67.89,6746,14,3,32,94,7,43.7,100,90.45,1714.243,23.59,29.925,-23.5,0.265,2.69,2.64
22.225,353.125,290.97,1.91,1.23,1.675,-0.72,1448583,0.195,73.88,605,6,7,36,4.5,21,34.2,45.2,64.38,45,15.43,25.65,-20.47,0.341,1.41,0.23
18.02,533.28,295.99,2.115,0.5,3.11,-10.825,1338099.5,0.195,184.305,331,9,5,37,4.5,11,27.9,100,61.28,0,10.04,15.54,-30.355,0.441,-3.58,-0.81
13.93,424.575,342.09,1.52,1.055,3.16,7.82,991233,0.135,86.16,544,8,6,37,6,5,31.4,31.4,35.71,0,17.895,31.185,-3.18,0.309,-49.25,-11.95
44.495,187.635,165.695,0.905,1.895,5.895,7.98,9156630,0.24,48.035,1339,7,4,35,43,8,23.6,88.6,75.19,652.09,10.795,13.765,-3.29,0.605,3.76,1.36
20.915,332.495,282.81,1.39,1.61,1.77,14.91,1479074.5,0.18,56.575,681,17,5,36,7,10,25.4,79.8,51.06,17.869,21.37,31.055,-13.985,0.246,1.14,0.17
19.915,389.18,345.895,2.335,1.685,1.63,-4.54,908224,0.135,54.035,200,14,5,33,0.5,3,24.4,100,97.41,82.617,18.965,30.74,-9.625,0.343,2.76,0.5
11.45,716.895,669.2,1.32,0.935,0.54,8.96,99600.5,0.07,97.795,75,1,8,43,0,5,63.6,99.7,77.66,0,25.8,47.93,-31.655,0.175,0.23,0.04
37.77,233.08,158.135,2.025,1.81,6.19,5.055,2354421.5,0.48,50.685,494,8,4,36,0,4,36.9,80.1,68.45,59.328,9.34,14.21,-11.71,0.936,3.55,0.87
21.575,476.335,417.665,1.22,1.09,5.805,9.315,255512.5,0.175,83.5,115,20,3,35,3,1,39.6,85.6,6.87,24.14,12.415,22.98,-25.92,0.516,1.46,0.37
26.6,344.48,279.12,1.605,0.93,4.515,39.285,948725.5,0.2,98.715,378,11,7,38,7,5,47.2,48.7,82.39,64.003,15.345,26.325,-17.715,0.404,2.66,0.43
18.555,567.585,481.175,0.735,1.1,10.09,13.285,247558.5,0.15,83.135,133,15,5,35,2,8,33.8,96.2,97.2,0,14.295,35.06,-29.515,0.625,-3.05,-0.51
35.955,230.365,164.21,1.475,1.03,3.085,9.285,2890797,0.33,88.525,679,2,4,34,28,8,36.4,61.5,50.95,337.701,11.59,22.195,-12.69,0.408,5.51,2.13
23.61,303.78,221.195,1.255,1.515,2.155,24.45,1204437,0.28,60.335,336,41,3,35,7.5,11,32.5,100,77.34,26.372,15.795,20.4,-13.955,0.305,1.71,0.56
28.54,283.21,220.265,0.825,1.015,2.61,17.745,1241220,0.235,89.79,284,2,6,36,0,2,30.5,81.5,83.22,88.533,8.075,15.94,-5.47,0.799,4.04,1.82
33.37,426.01,231.8,0.745,0.655,3.57,12.695,763649,0.24,138.96,117,1,5,36,0,4,9.3,61.5,73.81,0,5.14,10.66,-20.8,1,-5.16,-0.74
23.185,381.335,349.4,1.86,1.15,3.215,0.95,862245.5,0.11,79.22,198,6,4,35,17.5,2,42.5,100,89.59,67.82,13.775,24.665,-31.44,0.692,3.04,1.73
28.38,325.435,213.335,1.01,0.86,15.65,16.11,245264,0.35,107.79,102,8,5,35,1.5,4,32.8,46.2,32,16.93,12.93,18.95,0.54,1,2.9,0.43
21.865,343.54,305.665,1.115,2.2,1.02,18.84,271805.5,0.205,41.42,127,13,4,33,0.5,2,31.2,94,19.92,23.54,13.76,19.9,-21.53,0.329,0.37,0.1
11.095,875.475,865.8,2.955,0,0.405,28.69,173869,0.095,0,194,11,4,34,5.5,3,20.6,100,43.27,19.78,31.01,48.425,-25.445,0.258,1.67,0.35
22.65,434.03,367.215,2.105,1.17,66.73,3.875,335710.5,0.26,77.835,142,3,3,34,15.5,2,39.7,93.2,44.27,33.95,11.975,19.95,91.97,1,1.42,0.31
3.29,1155.13,1091.21,0.82,1.34,0.23,48.985,212167.5,0.02,82.135,436,35,6,34,1.5,11,41.5,100,72.195,0,226.6,308.515,-65.01,0.083,-3.79,-0.55
39.175,215.4,170.045,3.005,0.62,0.45,-8.29,1267883.5,0.105,146.155,801,11,8,37,37,20,39.8,100,70.975,0,48.32,104.24,-14.58,0.083,-0.96,-0.12
24.64,282.62,233.235,1.185,0.955,1.51,13.925,2068968,0.13,96.325,534,13,6,36,14.5,24,30.3,100,93.31,0,40.725,52.705,-27.845,0.196,-1.87,-0.29
15.01,691.325,616.87,0.805,1.505,2.255,22.515,513102.5,0.165,60.545,273,0,8,38,2.5,25,5.3,57.5,63.965,0,9.41,17.845,-2.635,0.424,-0.4,-0.04
20.555,387.365,348.535,2.875,1.525,2.455,19.285,23004258.5,0.17,59.74,6999,7,4,32,117.5,7,43.7,100,90.085,1714.243,24.215,31.47,-8.63,0.309,2.12,2.17
18.62,416.525,340.87,1.835,1.245,1.595,11.545,1374661.5,0.19,73.125,686,4,6,36,5,21,34.2,45.2,67.935,45,13.83,23.305,-12.145,0.375,3.05,0.49
14.98,602.29,348.865,1.975,0.485,2.63,18.12,1138645,0.17,188.82,329,7,6,38,4,11,27.9,100,61.6,0,9.41,15.95,-10.825,0.426,-1.73,-0.37
13.21,516.725,425.645,1.55,1.135,2.51,18.77,920378.5,0.145,80.695,558,7,6,37,3,5,31.4,31.4,35.08,0,19.415,33.11,-3.715,0.344,1.46,0.27
40.47,205.52,182.4,0.83,1.965,5.525,5.315,8672360.5,0.235,46.395,1451,5,5,35,48,8,23.6,88.6,72.46,652.09,11.17,14.405,-4.945,0.621,3.51,1.3
16.59,411.075,353.34,1.375,1.58,1.73,22.98,1417554.5,0.18,57.675,707,15,5,36,6.5,10,25.4,79.8,61.045,17.869,22.8,30.605,-16.275,0.298,3.76,0.61
15.375,470.24,425.86,2.02,2.15,1.825,19.695,1028664,0.16,44.235,214,12,5,33,0.5,3,24.4,100,97.435,82.617,18.185,30.01,16.11,0.64,4.75,0.91
8.185,1476.24,1368.105,1.1,0.655,0.44,26.54,80311.5,0.055,202.83,86,4,8,44,0,5,63.6,99.7,79.295,0,31.73,57.865,-37.24,0.34,0.79,0.13
34.455,257.2,179.495,1.78,1.92,6.615,9.13,2457132.5,0.49,47.46,481,12,5,37,1.5,4,36.9,80.1,68.27,59.328,8.625,13.32,-11.395,1,2.97,0
14.235,659.36,583.085,1.11,1.105,4.93,19.88,234857,0.17,82.37,110,22,3,36,7,1,39.6,85.6,7.615,24.14,11.6,26.11,-20.485,1,2.34,0.6
19.365,440.975,354.375,1.425,0.81,3.44,61.815,828081,0.18,113.26,382,8,7,39,6.5,5,47.2,48.7,83.54,64.003,17.175,29.835,-14.335,0.357,2.6,0.43
12.085,784.33,651.965,0.71,0.835,8.135,15.83,208090,0.135,114.435,123,21,5,36,1.5,8,33.8,96.2,97.5,0,16.325,40.815,-35.185,0.533,-1.38,-0.22
27.035,291.56,214.45,1.34,1.08,2.83,26.835,2733192.5,0.335,84.66,728,4,5,34,28.5,8,36.4,61.5,50.57,337.701,12.89,24.475,-8.985,0.513,6.62,2.69
20.15,377.535,299.555,0.77,0.985,2.27,35.73,1119796,0.225,92.65,284,2,7,37,0,2,30.5,81.5,78.29,88.533,9.01,17.775,-7.91,1,3.36,1.6
30.55,380.395,214.275,0.725,0.635,3.235,28.24,712456,0.23,144.255,121,3,6,37,0.5,4,9.3,61.5,72.205,0,6.065,11.77,-21.26,0.808,0.38,0.05
19.69,423.125,392.155,1.93,1.36,3.33,7.08,891172,0.12,68.735,239,2,4,35,20.5,2,48.6,100,92,45.58,16.165,26.135,-12.455,0.426,0.13,0.28
20.465,442.065,294.72,0.975,0.78,16.055,39.375,222420,0.33,116.925,104,0,6,36,0.5,4,31.5,44.3,45.33,21.68,15.01,21.565,-0.21,1,3.12,0.48
15.98,463.46,403.775,0.985,1.87,0.805,11.43,215512,0.17,49.43,107,17,5,34,2.5,2,42.9,94.5,28.29,20.13,17.24,25.07,-26.955,0.804,1.64,0.43
3.695,859.09,804.765,0.86,1.04,0.105,-39.08,100253,0.01,93.19,436,35,6,34,1,11,40.6,100,59.42,0,297.34,406.805,-74.155,0.062,-3.81,-0.53
31.51,261.09,217.3,3.115,0.64,0.43,-20.945,1242974.5,0.1,142.69,801,11,8,37,33,19.5,37.3,100,72.87,0,59.955,111.745,-17.36,0.069,-22.33,-3.53
26.525,321.31,269.545,1.295,0.905,1.175,10.35,1859593,0.125,100.635,534,13,6,36,17,24,31.65,100,94.02,0,44.22,57.115,-22.935,0.155,0.83,0.04
13.96,776.34,699.985,0.81,1.53,1.97,23.44,462562,0.155,59.515,273,0,8,38,2,22.5,8.25,54.4,65.97,0,10.795,19.695,-7.58,0.347,1.21,0.13
21.5,364.325,328.7,2.765,1.355,2.14,16.555,21124033,0.15,68.355,6999,7,4,32,115,9,40.05,100,89.72,1305.059,25.755,32.995,-0.74,0.273,3.21,3.23
20.29,419.86,351.22,1.98,1.325,1.675,22.615,1436560,0.2,68.8,686,4,6,36,9.5,19,33.9,48.5,71.49,87.5,13.965,21.925,12.88,0.286,4.8,0.74
13.77,658.03,426.55,2.165,0.61,2.92,21.68,1242667.5,0.19,151.79,329,7,6,38,2,11,37.35,100,61.92,0,9.335,15.2,-7.81,0.612,-0.11,-0.02
17.125,485.1,414.59,1.6,1.275,2.46,21.83,912452.5,0.18,71.63,558,7,6,37,4,5.5,31.65,31.65,34.45,15.075,19.27,33.435,-6.835,0.306,1.86,0.34
38.225,220.815,197.47,0.775,1.935,5.005,9.83,7944205.5,0.22,47.1,1451,5,5,35,45.5,8,25.6,86.75,69.73,717.5795,11.48,14.84,-7.315,0.589,4.83,1.71
17.925,388.88,329.625,1.525,1.65,2.01,14.57,1605350,0.205,55.3,707,15,5,36,8,10,25.4,66.8,71.03,88.807,21.495,30.555,10.7,0.269,4.37,0.71
18.73,402.025,377.035,2.16,2.805,1.975,45.2,1272644,0.195,32.6,214,12,5,33,0.5,3,35.25,100,97.46,90.127,16.88,28.05,62.275,1,3.82,0.73
4.955,2059.71,1925.45,1.105,0.505,0.415,46.055,74521.5,0.055,221.43,86,4,8,44,0,5,65.25,99.85,80.93,2.7605,31.85,59.805,-25.88,0.387,1.96,0.3
33.105,268.6,195.905,1.535,1.675,5.535,31.245,2029053.5,0.405,55.275,481,12,5,37,9,4,34,79.95,68.09,64.1085,10.645,16.165,-17.08,0.624,5.52,0
15.685,615.235,546.4,1.135,1.165,4.2,27.79,231281,0.175,78.67,110,22,3,36,7.5,1,41.35,82.8,8.36,23.21,13.985,26.345,-9.225,0.824,3.69,0.92
19.2,451.19,368.57,1.485,0.755,2.63,29.04,769171,0.17,121.255,382,8,7,39,10,5,45.55,55.45,84.69,66.0335,18.195,30.965,-8.79,0.326,5.17,0.82
12.235,772.96,647.7,0.78,0.745,7.93,1.81,200891.5,0.14,123.75,123,21,5,36,1,8,22.25,98.1,97.8,0,15.54,41.065,-31.515,0.593,-1.81,-0.28
26.335,302.025,213.535,1.315,1.21,2.53,34.24,2623381,0.33,75.885,728,4,5,34,30,8,38,59.1,50.19,356.968,13.825,24.425,-3.515,0.409,8.33,3.3
20.215,381.05,308.52,0.805,0.995,1.97,34.14,1059651,0.215,91.75,284,2,7,37,0.5,4,32.1,83.5,73.36,123.946,9.305,18.5,-12.375,1,5.26,2.41
31.385,283.51,174.025,0.73,0.635,2.525,30.325,641132.5,0.215,144.695,121,3,6,37,1,4,11.7,60.85,70.6,0,5.72,11.765,-20.105,0.654,-0.35,-0.05
19.745,410.065,385.445,1.785,1.545,3.01,8.125,801312.5,0.11,58.85,239,2,4,35,31.5,2,48.6,100,92,45.58,16.985,27.91,-5.615,0.348,0.63,0.3
20.455,447.885,323.75,1.06,0.89,12.635,52.69,223244.5,0.335,103.34,104,0,6,36,0,4,31.5,44.3,45.33,21.68,14.99,21.46,5.585,1,7.98,1.23
15.35,478.895,420.39,1.17,1.965,0.92,0.69,245261,0.2,47.7,107,17,5,34,4.5,2,42.9,94.5,28.29,20.13,15.765,22.65,-17.835,0.7,3.27,0.86
16.45,571.22,494.45,1.545,0.74,38.575,17.975,175118.5,0.14,129.72,111,25,4,34,7.5,2,43.6,90.1,47.97,15.79,22.3,35.01,-17.375,1,2.52,0.51
3.415,808.92,766.1,1.425,1.395,0.135,-94.605,126960,0.01,65.635,436,35,6,34,1.5,11,39.7,100,59.42,0,217.545,295.25,-74.475,0.051,-0.91,-0.12
34.075,242.62,203.145,2.875,0.685,0.38,-24.825,1125718,0.09,133.355,801,11,8,37,43,19,34.8,100,72.87,0,67.26,110.805,-20.335,0.061,-18.54,-2.38
30.51,335.73,273.065,1.475,0.965,1.205,-6.66,2139799.5,0.14,94.255,534,13,6,36,14.5,24,33,100,94.02,0,32.235,43.85,-16.84,0.204,0.21,-0.03
15.085,730.3,654.31,0.91,1.625,2.07,8.625,490564.5,0.16,56.145,273,0,8,38,1.5,20,11.2,51.3,65.97,0,10.52,19.145,-8.64,0.415,1.39,0.15
26.3,309.475,277.765,2.89,1.255,2.06,5.155,21527611,0.14,72.835,6999,7,4,32,102,11,36.4,100,89.72,895.875,24.24,30.67,5.225,0.294,3.46,4.32
26.64,348.17,242.46,1.965,1.39,2.02,9.745,1711641.5,0.225,65.33,686,4,6,36,10.5,17,33.6,51.8,71.49,130,14.515,22.21,26.985,0.308,5.5,0.88
15.47,611.81,413.37,2.115,0.715,3.215,14.515,1296699.5,0.205,127,329,7,6,38,2,11,46.8,100,61.92,0,9.455,14.99,-18.515,0.631,0.56,0.11
19.83,432.47,373.3,1.48,1.305,2.595,14.23,944797,0.205,69.74,558,7,6,37,5.5,6,31.9,31.9,34.45,30.15,18.39,32.395,-9.15,0.293,1.61,0.31
41.365,209.235,186.02,0.83,1.885,5.035,10.825,8045747.5,0.22,48.32,1451,5,5,35,46.5,8,27.6,84.9,69.73,783.069,11.23,14.475,-9.28,0.561,6.12,2.15
22.925,330.69,310.67,2.345,2.57,2.035,31.13,1358280.5,0.195,36.445,214,12,5,33,0,3,46.1,100,97.46,97.637,17.485,28.3,68.875,1,3.42,0.64
7.495,1365.25,1292.28,1.535,0.76,0.535,53.68,95226,0.07,120.4,86,4,8,44,0.5,5,66.9,100,80.93,5.521,25.12,51.24,-0.925,0.288,1.12,0.17
36.675,247.9,171.305,1.705,1.455,5.305,15.1,1932136,0.375,62.52,481,12,5,37,10.5,4,31.1,79.8,68.09,68.889,11.375,17.44,-8.815,0.52,6.07,0
22.08,446.43,391.255,1.26,1.195,3.965,15.18,268940,0.195,76.375,110,22,3,36,6,1,43.1,80,8.36,22.28,14.94,24.44,6.685,0.779,3.5,0.86
25.91,358.215,294.99,1.65,0.83,2.82,8.045,878687,0.19,111.06,382,8,7,39,10.5,5,43.9,62.2,84.69,68.064,15.91,27.285,-6.04,0.333,4.74,0.73
14.84,645.57,537.835,0.855,0.86,8.68,-9.65,226654,0.16,105.365,123,21,5,36,0,8,10.7,100,97.8,0,13.375,37.12,-15.15,0.619,-2.23,-0.34
33.385,249.965,158.055,1.375,1.32,2.43,18.51,2846620,0.335,68.845,728,4,5,34,31,8,39.6,56.7,50.19,376.235,13.195,22.325,0.695,0.394,7.95,3.1
28.655,287.94,235.585,0.9,1.055,1.93,14.365,1156613.5,0.22,86.23,284,2,7,37,0.5,6,33.7,85.5,73.36,159.359,9.315,18.33,-8.195,1,5.4,2.42
34.365,270.135,171.075,0.765,0.645,2.08,14.395,627393,0.21,141.965,121,3,6,37,0.5,4,14.1,60.2,70.6,0,5.15,11.06,-17.735,0.864,0.73,0.1
20.345,404.91,378.46,1.665,1.495,2.675,-10.15,705149.5,0.1,60.88,239,2,4,35,30.5,2,48.6,100,92,45.58,17.04,30.355,-15.405,0.32,2.27,0.98
30.67,322.12,241.795,1.16,1.1,8.335,29.29,269261.5,0.365,84.005,104,0,6,36,0,4,31.5,44.3,45.33,21.68,12.945,18.71,13.01,1,5.94,0.93
20.91,366.86,323.7,1.415,2.355,1.26,17.535,332775,0.265,38.685,107,17,5,34,2.5,2,42.9,94.5,28.29,20.13,11.99,17.035,3.765,0.63,2.18,0.58
22.21,477.27,419.06,1.845,0.59,32.42,8.14,147309.5,0.12,154.615,111,25,4,34,4,2,43.6,90.1,47.97,15.79,23.1,37.015,-53.42,1,4.08,0.77
3.395,783.53,736.055,2.415,1.39,0.185,-79.305,162580.5,0.015,65.84,436,35,6,34,1,11,39.7,100,59.42,0,170.295,228.135,-58.78,0.073,-9.43,-1.18
41.55,207,167,3.07,0.73,0.355,-17.81,1055543,0.09,125.455,801,11,8,37,43,19,34.8,100,72.87,0,71.985,117.015,-20.025,0.055,-19.96,-2.09
31.305,315.79,246.4,1.465,0.88,1.35,-13.08,2479337.5,0.16,104.28,534,13,6,36,13.5,24,33,100,94.02,0,28.36,38.58,-0.045,0.222,-7.9,-1.59
15.405,710.77,633.875,0.945,1.645,2.185,1.045,527543.5,0.17,55.465,273,0,8,38,1.5,20,11.2,51.3,65.97,0,9.695,17.775,-5.14,0.365,-1.01,-0.11
24.595,288.46,256.16,3.415,1.415,2.49,9.635,26455431,0.155,64.72,6999,7,4,32,88,11,36.4,100,89.72,895.875,22.085,27.955,18.895,0.357,2.57,3.95
27.855,329.685,156.585,1.75,1.265,2.345,7.375,1961340.5,0.245,72.665,686,4,6,36,7,17,33.6,51.8,71.49,130,14.525,22.135,35.605,0.341,4.84,0.86
18.515,479.57,327.315,2.21,0.76,3.485,27.97,1340264,0.21,119.71,329,7,6,38,3,11,46.8,100,61.92,0,9.145,14.645,3.54,0.485,-3.4,-0.67
19.72,441.63,383.735,1.375,1.26,2.725,12.68,967489,0.205,72.165,558,7,6,37,6,6,31.9,31.9,34.45,30.15,18.675,32.39,-2.065,0.275,0.85,0.16
43.46,198.52,175.11,0.945,1.945,5.86,9.185,9405821.5,0.25,46.925,1451,5,5,35,53.5,8,27.6,84.9,69.73,783.069,11.235,14.385,2.94,0.563,5.92,2.21
21.615,353.42,328.515,2.3,2.01,2.15,5.58,1256575,0.175,45.445,214,12,5,33,0,3,46.1,100,97.46,97.637,18.37,29.385,38.625,1,1.78,0.34
7.575,1359.79,1297.5,1.69,0.78,0.54,44.33,95391.5,0.07,116.71,86,4,8,44,0.5,5,66.9,100,80.93,5.521,24.75,53.53,-4.01,0.285,0.83,0.13
39.33,231.815,155.91,2.035,1.67,6.89,2.245,2534638.5,0.475,55.435,481,12,5,37,7,4,31.1,79.8,68.09,68.889,9.11,14.405,7.06,0.607,3.88,0
21.695,460.115,397.885,1.305,1.155,4.005,11.085,296588,0.21,78.97,110,22,3,36,6.5,1,43.1,80,8.36,22.28,13.73,23.87,16.06,0.51,1.4,0.35
26.58,330.63,264.67,1.69,0.865,2.82,17.87,965844,0.205,105.67,382,8,7,39,6,5,43.9,62.2,84.69,68.064,15.05,25.74,2.12,0.308,3.29,0.53
14.76,649.39,537.95,0.83,0.95,9.195,-26.825,242064,0.17,95.935,123,21,5,36,2,8,10.7,100,97.8,0,11.745,34.885,-2.075,0.587,-5.67,-0.86
33.505,247.06,146.905,1.345,1.27,2.385,14.72,2976049,0.34,71.7,728,4,5,34,34,8,39.6,56.7,50.19,376.235,12.68,21.855,2.95,0.397,5.67,2.4
30.805,258.235,214.55,0.945,1.1,2.005,14.665,1249475.5,0.225,82.8,284,2,7,37,0,6,33.7,85.5,73.36,159.359,9.225,17.79,0.74,1,3.82,1.81
29.915,342.115,198.485,0.735,0.595,1.885,2.905,600122,0.2,153.41,121,3,6,37,1.5,4,14.1,60.2,70.6,0,5.85,11.715,-21.3,0.605,-11.21,-1.47
20.42,400.465,370.215,1.84,1.55,3.345,-3.865,893392.5,0.13,58.85,239,2,4,35,0,2,48.6,100,92,45.58,18.285,30.62,4.02,0.873,1.46,0.66
31.995,305.08,206.645,1.13,1.04,7.76,-8.495,296826.5,0.375,90.51,104,0,6,36,0,4,31.5,44.3,45.33,21.68,12.09,17.3,21.4,1,4.65,0.77
21.325,360.505,308.165,1.335,2.065,1.295,4.145,339408,0.26,45.415,107,17,5,34,1.5,2,42.9,94.5,28.29,20.13,11.35,16.075,25.675,0.598,1.39,0.38
23.685,414.63,365.095,1.99,0.745,33.815,20.65,177145.5,0.145,126.82,111,25,4,34,6.5,2,43.6,90.1,47.97,15.79,21.85,34.055,-46.975,1,3.96,0.78
4.395,634.6,577.675,2.68,1.165,0.2,-58.235,170169,0.02,79.015,183,61,6,35,1.5,11,39.7,100,47.85,0,167.055,209.965,22.585,0.075,-0.21,-0.24
36.78,219.785,177.72,1.69,1.335,2,15.86,6338809.5,0.22,68.36,2317,4,6,33,56.5,11,45.5,100,45.46,144.338,21.415,32.965,24.75,0.247,4.01,1.45
14.8,751.79,677.415,0.885,1.555,2.005,12.745,489745.5,0.155,58.665,293,8,8,39,1.5,20,11.2,51.3,67.77,0,10.575,18.87,-4.525,0.469,1.58,0.17
17.47,337.71,295.42,3.66,1.355,2.625,9.73,28103969,0.145,68.185,7065,1,4,33,106.5,11,36.4,100,91.665,895.875,21.815,27.64,22.1,0.403,2.09,2.79
19.44,462.485,310.91,2.245,0.715,3.49,11.105,1356902.5,0.21,128.58,362,4,6,38,3,11,46.8,100,64.9,0,9.26,14.975,19.18,0.652,2.96,0.61
18.735,468.005,408.255,1.275,1.15,2.555,14.27,883604,0.185,79.65,470,12,7,38,6.5,6,31.9,31.9,33.12,30.15,20.61,35.855,-4.065,0.263,0.81,0.16
5.895,1692.55,1624.1,1.745,0.865,0.53,50.855,92402,0.07,106.3,85,0,9,44,0.5,5,66.9,100,82.35,5.521,23.265,48.15,25.105,0.253,1.09,0.17
34.075,273.825,207.77,1.92,1.95,6.935,25.91,2574744,0.485,46.715,456,11,5,38,6,4,31.1,79.8,77.795,68.889,8.545,13.585,4.365,0.706,2.56,0.68
15.395,634.515,557.535,1.345,1.12,3.73,38.56,272245.5,0.2,81.675,111,8,4,36,7,1,43.1,80,7.915,22.28,15.81,25.41,15.625,0.515,2.53,0.65
12.09,799.84,667.405,0.775,1.015,9.19,-15.755,229486.5,0.165,89.695,125,7,5,37,4,8,10.7,100,97.42,0,11.495,34.495,11.005,0.597,-0.88,-0.12
26.705,291.735,248.025,0.945,1.15,1.9,18.465,1176183,0.215,79.325,298,1,7,37,0,6,33.7,85.5,69.02,159.359,9.11,17.68,5.005,1,3.02,1.47
23.09,471.925,274.81,0.68,0.645,1.665,22.07,521613,0.19,142.785,113,7,7,39,1.5,4,14.1,60.2,66.715,0,6.9,13.21,-26.99,0.589,-0.99,-0.13
17.475,468.06,432.25,1.745,1.655,3.805,14.575,1049819,0.155,54.945,243,16,4,35,30.5,2,54.4,100,94.72,42.86,16.365,27.73,18.08,0.352,0.24,0.11
23.52,402.79,266.6,1.1,0.875,7.725,8.21,285520,0.37,104.47,106,2,7,38,0,4,31.3,45.5,45.46,32,12.76,18.16,28.375,1,8.25,1.46
17.025,444.815,380.235,1.145,1.655,1.11,-5.99,288289,0.225,55.135,110,19,4,34,2.5,2,34,94.53,50.88,13,11.595,16.47,33.985,0.632,2.24,0.62
4.245,610.545,517.225,1.98,0.795,0.15,-91.42,128654.5,0.015,126.96,183,61,6,35,4,12,36.85,100,36.28,0,148.415,193.025,39.78,0.047,-0.9,-0.11
33.275,244.415,193.845,1.905,1.24,2.055,11.86,6460555,0.235,73.705,2317,4,6,33,55.5,11,47.05,100,49.52,440.9735,21.95,33.385,23.17,0.27,4.23,1.56
13.83,832.695,746.44,0.845,1.325,1.735,11.82,422686,0.13,70,293,8,8,39,2.5,18,10.35,51.72,69.57,0.9575,10.995,20.005,-8.73,0.392,0.45,0.05
16.77,354.085,310.285,3.595,1.125,2.335,8.35,25355609,0.12,81.53,7065,1,4,33,166.5,9,41.75,100,93.61,1244.6755,22.54,28.81,20.175,0.309,3.72,5.01
21.025,427.53,280.745,2.14,0.67,3.44,6.595,1400051.5,0.215,136.075,362,4,6,38,5,11,51.95,100,67.88,91.8425,8.99,15.53,12.645,0.564,4.73,1.02
18.455,478.33,414.66,1.27,1.035,2.405,13.78,811128,0.17,87.835,470,12,7,38,7.5,6,33.99,33.99,31.79,30.6285,21.38,37.05,-11.105,0.287,1.08,0.21
5.745,1860.735,1796.89,1.78,0.89,0.51,63.06,87235,0.065,102.705,85,0,9,44,1.5,5,69.25,98.7,83.77,6.217,25.54,51.35,25.09,0.268,1.42,0.21
26.675,345.985,283.28,1.55,1.745,4.67,38.48,1719092.5,0.34,53.275,456,11,5,38,4.5,4,35.9,78.04,87.5,50.7085,13.045,20.23,-17.2,0.548,0.55,0.14
13.86,700.945,628.21,1.36,1.155,3.475,24.835,237300,0.18,79.415,111,8,4,36,8,1,43.85,84.19,7.47,21.8885,17.875,27.245,3.345,0.482,2.85,0.72
10.91,903.54,759.355,0.695,0.99,8.245,17.775,185999.5,0.145,92.04,125,7,5,37,3,8,20.45,100,97.04,0,13.95,38.71,-4.62,0.56,-1.61,-0.23
22.855,489.245,308.625,0.715,0.7,1.525,35.575,470084,0.195,129.985,113,7,7,39,0,4,14.4,56.8,62.83,0,6.61,13.66,-26.69,0.862,-0.5,-0.06
14.815,554.44,513.56,1.53,1.61,3.495,16.985,984629,0.15,56.675,243,16,4,35,38.5,2,54.4,100,94.72,42.86,17.715,33.44,24.945,0.368,1.15,0.5
25.31,382.07,270.75,1.23,0.995,8.575,43.295,316381.5,0.4,92.51,106,2,7,38,0.5,4,31.3,45.5,45.46,32,11.81,17.01,41.67,1,9.83,1.76
17.455,444.035,380.24,1.035,1.64,1.095,-3.75,281816.5,0.225,55.57,110,19,4,34,2,2,34,94.53,50.88,13,12.09,17.69,18.405,0.413,0.99,0.27
2.715,808.4,684.175,1.99,0.57,0.135,-97.46,113976.5,0.01,159.965,183,61,6,35,5.5,12.5,34,100,36.28,0,74.43,110.525,-10.205,0.069,0.44,0.06
39.64,214.76,173.28,2.05,1.2,2.195,7.27,6849925,0.24,76.035,2317,4,6,33,50,11,48.6,100,49.52,737.609,23.03,34.125,15.9,0.311,4.5,1.64
17.96,677.935,602.055,0.9,1.205,1.76,-4.01,425024.5,0.13,75.62,293,8,8,39,2.5,16,9.5,52.14,69.57,1.915,10.73,20.315,-13.355,0.404,1.72,0.18
20.895,299.66,268.465,3.725,1.315,2.58,13.06,28625126,0.13,72.43,7065,1,4,33,153.5,7,47.1,100,93.61,1593.476,21.245,27.375,32.09,0.414,4.63,6.28
22.915,380.915,253.335,2.285,0.695,3.325,18.08,1581072.5,0.23,131.16,362,4,6,38,7,11,57.1,100,67.88,183.685,8.02,14.58,22.275,0.56,2.59,0.55
20.85,430.63,373.07,1.37,1.045,2.595,6.395,853568.5,0.175,87.085,470,12,7,38,9,6,36.08,36.08,31.79,31.107,20.37,35.385,-9.695,0.308,2.52,0.53
8.215,1483.255,1436.145,2.145,0.93,0.54,42.445,87620,0.065,99.02,85,0,9,44,1.5,5,71.6,97.4,83.77,6.913,26.015,55.31,-8.11,0.28,1.65,0.24
30.85,313.51,260.11,1.61,1.66,3.51,21.99,1248749.5,0.255,55.36,456,11,5,38,5.5,4,40.7,76.28,87.5,32.528,15.66,24.36,-34.775,0.455,1.14,0.27
18.64,555.135,502.9,1.395,1.395,4.04,17.105,252558.5,0.185,66.185,111,8,4,36,10.5,1,44.6,88.38,7.47,21.497,16.465,26.29,-6.075,0.498,2.28,0.57
10.84,912.15,774.605,0.765,1.065,8.935,17.56,178767,0.145,86.16,125,7,5,37,4,8,30.2,100,97.04,0,15.155,38.24,-21.09,0.505,-1.61,-0.23
31.535,259.33,232.29,0.99,1.285,1.58,18.275,961080,0.17,71.905,298,1,7,37,0,4,36.1,80.16,64.68,120.947,10.65,20.775,-16.945,1,4.02,1.81
24.035,455.58,306.55,0.795,0.74,1.61,22.205,486375.5,0.21,123.92,113,7,7,39,0,4,14.7,53.4,62.83,0,5.57,12.285,-22.42,0.938,-0.6,-0.08
16.265,515.745,480.48,1.55,1.81,3.72,8.3,1039347,0.16,51.495,243,16,4,35,50.5,2,54.4,100,94.72,42.86,20.47,39,46.825,0.403,2.15,0.84
34.475,282.695,206.82,1.285,1.12,9.375,23.37,372186.5,0.415,81.1,106,2,7,38,1,4,31.3,45.5,45.46,32,10.74,15.375,40.21,0.921,5.5,0.97
18.69,412.77,356.885,0.91,1.64,1.1,4.765,281860,0.22,55.595,110,19,4,34,4,2,34,94.53,50.88,13,13.84,19.935,-13.625,0.462,1.31,0.35
2.265,913.315,803.19,1.885,0.63,0.15,-48.05,121877,0.015,144.785,183,61,6,35,5.5,12,34,100,36.28,0,57.795,85.57,-22.695,0.084,-1.44,-0.17
45.16,187.7,150.385,1.97,1.235,2.31,7.475,7066538.5,0.22,73.89,2317,4,6,33,44,11,48.6,100,49.52,737.609,22.98,32.89,7.875,0.399,3.66,1.39
22.015,474.44,423.535,0.94,1.3,1.985,-3.715,473201.5,0.145,69.83,293,8,8,39,0.5,16,9.5,52.14,69.57,1.915,10.155,19.415,-10.29,0.677,1.14,0.13
23.575,264.65,239.475,3.755,1.71,3.225,18.505,36141915.5,0.155,53.52,7065,1,4,33,111,7,47.1,100,93.61,15934.76,18.86,24.66,37.16,0.696,4.53,6.43
22.755,378.945,257.635,2.445,0.715,2.8,17.8,1705669.5,0.235,127.175,362,4,6,38,4.5,11,57.1,100,67.88,183.685,8.045,14.365,27.54,0.744,1.97,0.44
26.87,324.7,282.325,1.405,1.15,2.88,8.57,921007.5,0.185,79.565,470,12,7,38,9,6,36.08,36.08,31.79,31.107,18.44,33.32,-4.77,0.329,1.63,0.31
9,1151.01,1108.635,2.37,0.88,0.61,33.15,91494.5,0.07,106.77,85,0,9,44,1.5,5,71.6,97.4,83.77,6.913,23.815,50.12,-4.035,0.663,1.59,0.24
35.76,258.73,207.27,1.955,2.165,4.68,-6.695,1621933,0.325,42.97,456,11,5,38,7,4,40.7,76.28,87.5,32.528,12.39,19.5,-36.535,0.583,4.31,1.07
21.77,448.57,395.86,1.4,1.43,4.755,7.975,277340,0.195,64.18,111,8,4,36,8,1,44.6,88.38,7.47,21.497,15.67,24.44,-6.485,0.614,2.27,0.58
10.865,914.005,778.06,0.865,1.285,10.98,-12.725,196949,0.165,71.62,125,7,5,37,5,8,30.2,100,97.04,0,14.1,34.305,-18.57,0.533,-3.03,-0.41
33.77,235.59,210.825,1.065,1.455,1.71,18.405,1029341,0.18,62.465,298,1,7,37,0,4,36.1,80.16,64.68,120.947,10.735,20.28,-17.58,1,2.96,1.39
21.815,478.635,353.635,0.85,0.875,1.735,18.26,511626.5,0.21,104.88,113,7,7,39,0.5,4,14.7,53.4,62.83,0,5.24,11.14,-14.645,0.921,-3.69,-0.52
17.47,474.795,441.195,1.595,2.135,4.59,8.085,1259471,0.19,42.635,243,16,4,35,46,2,54.4,100,94.72,42.86,18.065,34.71,43.19,0.413,1.31,0.62
31.315,330.955,228.67,1.145,0.97,8.345,9.99,351737.5,0.375,96.59,106,2,7,38,1.5,4,31.3,45.5,45.46,32,11.945,16.84,17.89,1,4.72,0.89
18.09,424.89,369.4,0.86,1.62,1.06,17.205,269328.5,0.21,56.335,110,19,4,34,6.5,2,34,94.53,50.88,13,12.925,19.01,-19.9,0.674,1.66,0.46
18.59,483,384.255,0.88,1.09,1.805,24.76,519210.5,0.2,84.885,112,39,6,38,0.5,6,17,100,52.76,16.38,5.575,15.095,0.8,0.457,1.33,-0.25
2.05,1073.5,996.745,1.335,0.915,0.14,-83.205,111396.5,0.015,107.135,204,9,6,36,6,1,53.5,100,56.77,0,58.13,84.48,-34.54,0.054,-1.15,-0.43
27.46,324.335,275.27,1.3,1.215,1.02,2.33,2202687,0.155,75.07,1855,25,5,33,8,1,74.7,100,80.42,0.19,26.615,43.73,64.175,0.222,0.83,0.21
24.075,363.725,245.315,2.52,0.75,2.73,-12.45,1820382,0.245,121.07,399,4,6,39,6.5,1,58.2,100,68.48,250.33,8.51,14.51,34.78,0.382,4.29,2.29
25.825,340.06,296.625,1.355,1.28,2.99,28.03,926987.5,0.195,71.23,441,9,8,39,6.5,4,45.1,100,19.01,53.06,16.93,31.645,5.465,0.289,2.78,1.93
14.64,563.155,518.035,2.41,1.4,1.67,-9.205,1169651,0.16,65.985,613,29,6,35,0.5,1,42.4,100,94.6,33.76,26.735,42.65,-2.605,0.711,1.35,0.45
17.99,556.105,484.915,1.4,1.215,4.915,7.705,278420.5,0.195,75.39,114,6,4,37,5.5,2,42,100,8.24,18.7,15.635,24.035,3.505,0.535,2.3,2.44
43.15,224.76,126.595,1.415,0.915,19.08,0.6,2364418,0.45,100.675,565,44,3,30,5.5,1,18.6,100,89.06,86.08,7.22,11.105,-20.435,1,2.61,3.04
10.63,942.57,805.51,0.845,1.53,12.27,6.405,202484.5,0.175,59.825,127,10,6,38,3.5,2,24.1,100,97.35,0,12.545,32.68,-10.59,0.63,-0.81,-0.71
26.03,289.325,154.725,1.26,1.15,1.8,17.85,2623643,0.295,79.6,904,13,5,35,46.5,6,35.5,100,57.19,346.7,15.07,25.415,-5.95,0.318,5.01,9.22
27.845,280.185,247.18,1.045,1.36,1.655,5.51,987174.5,0.175,67.34,304,3,8,38,0,4,36.7,100,64.69,135.03,11.48,20.785,-15.775,1,3.89,6.45
25.985,469.26,406.65,0.895,1.58,1.12,9.115,282343.5,0.205,57.845,100,17,5,35,4,2,22.7,100,68.22,14,11.32,17.42,-1.405,0.559,1.95,1.63
27.975,409.795,381.12,1.6,1.77,69.415,51.825,414500.5,0.245,51.515,176,0,5,36,18,2,50.2,100,47.33,34.52,15.345,23.08,100.815,1,4.88,7.91
16.05,516.385,417.265,0.845,1.125,1.68,11.255,472192.5,0.185,81.72,112,39,6,38,0,6,17,100,52.76,16.38,5.47,15.825,0.785,1,0.8,-0.11
1.55,1314.31,1252.925,1.11,1.17,0.11,-71.01,86507,0.01,77.825,204,9,6,36,7.5,1,53.5,100,56.77,0,69.2,100.575,-32.485,0.074,-0.43,-0.45
26.905,296.74,247.26,1.14,1.025,0.825,3.055,1775701,0.125,93.785,1855,25,5,33,3,1,74.7,100,80.42,0.19,27.74,42.905,73.345,0.504,3.02,0.44
26.595,326.925,215.59,2.495,0.735,3.005,-31.775,1946799,0.25,123.86,399,4,6,39,9,1,58.2,100,68.48,250.33,8.17,13.83,39.6,0.68,3.94,2.25
20.8,418.31,366.875,1.305,1.255,2.905,-8.17,873002.5,0.195,72.845,441,9,8,39,5.5,4,45.1,100,19.01,53.06,18.13,31.97,7.645,0.427,3.14,2.47
15.49,526.165,487.68,2.515,1.475,1.705,-10.375,1194313,0.165,62.08,613,29,6,35,0,1,42.4,100,94.6,33.76,26.62,42.79,18.415,1,0.57,0.49
16.395,604.38,534.645,1.555,1.12,4.635,5.98,261912.5,0.185,81.12,114,6,4,37,12.5,2,42,100,8.24,18.7,16.35,25.48,10.35,0.656,2.12,2.25
43.475,222.035,131.72,1.365,0.985,16.8,-20.42,2281587,0.43,92.45,565,44,3,30,4.5,1,18.6,100,89.06,86.08,7.76,11.995,-6.52,1,2.92,2.84
10.335,980.14,839.205,0.73,1.58,11.985,-26.005,181031.5,0.16,57.725,127,10,6,38,3,2,24.1,100,97.35,0,14.76,37.05,-2.745,0.706,-4.44,-1.08
25.105,295.715,149.08,1.33,1.135,1.55,24.355,2625180,0.295,80.51,904,13,5,35,40.5,6,35.5,100,57.19,346.7,15.4,25.35,-1.68,0.458,5.24,9.19
25.025,316.28,279.35,1.09,1.255,1.625,6.455,945692.5,0.175,72.565,304,3,8,38,0,4,36.7,100,64.69,135.03,11.68,21.45,-3.355,1,2.93,6.22
32.785,541.265,468.435,0.88,1.43,1.145,3.035,288198.5,0.185,64.09,100,17,5,35,1.5,2,22.7,100,68.22,14,11.685,17.65,2.535,0.739,0.73,1.56
23.915,476.875,443.28,1.49,1.355,54.455,58.98,307816,0.17,71.125,176,0,5,36,18,2,50.2,100,47.33,34.52,20.15,31.335,25.52,1,4.88,6.64
16.195,517.655,420.81,0.945,1.14,1.78,25.425,494484,0.195,80.905,112,39,6,38,0.5,6,17,100,52.76,16.38,4.12,10.86,1.67,1,2.33,0.07
2.22,1033.275,978.515,1.705,1.44,0.155,-47.24,122581,0.015,65.48,204,9,6,36,4,1,53.5,100,56.77,0,57.21,101.51,6.815,0.101,1.03,-0.38
28.665,266.975,217.23,1.19,0.925,0.86,7.255,1851102,0.125,100.65,1855,25,5,33,5.5,1,74.7,100,80.42,0.19,24.61,36.25,54.785,0.414,2.78,0.72
30.365,294.385,191.3,2.51,0.74,3.54,3.48,2216161,0.265,123.305,399,4,6,39,6,1,58.2,100,68.48,250.33,7.17,12.2,39.895,0.808,5.57,2.91
22.54,389.25,343.11,1.385,1.235,3.035,-4.28,884397.5,0.195,73.99,441,9,8,39,5.5,4,45.1,100,19.01,53.06,17.785,30.295,3.6,0.462,3.5,2.68
19.12,444.345,405.82,3.72,1.235,1.52,15.42,1062460,0.145,74.81,613,29,6,35,0.5,1,42.4,100,94.6,33.76,27.28,42.81,17.57,0.79,2,1.08
19.755,506.745,451.535,1.69,1.2,4.74,9.14,262682,0.185,75.955,114,6,4,37,13.5,2,42,100,8.24,18.7,16.315,25.565,4.2,0.788,2.8,2.36
41.285,232.58,128.615,1.41,0.965,13.595,-6.335,2262135,0.43,94.37,565,44,3,30,4,1,18.6,100,89.06,86.08,8.25,12.565,-6.835,1,5.77,4.8
11.52,893.295,756.865,0.725,1.62,13.55,-53.76,177113,0.16,56.475,127,10,6,38,3,2,24.1,100,97.35,0,18.74,44.155,-1.015,0.955,-2.08,-1.13
30.135,248.095,126.735,1.42,1.155,1.45,26.9,2859693,0.305,78.97,904,13,5,35,45,6,35.5,100,57.19,346.7,14.835,23.72,4.31,0.502,6.24,9.66
29.33,283.205,249.325,1.165,1.21,1.71,9.2,966882,0.175,75.17,304,3,8,38,0,4,36.7,100,64.69,135.03,11.185,20.77,0.89,1,4.72,6.62
32.37,535.785,463.595,0.885,1.31,1.07,19.21,268096.5,0.165,69.61,100,17,5,35,1.5,2,22.7,100,68.22,14,12.77,19.025,-4.895,0.808,1.72,1.68
32.11,369.26,340.96,1.725,0.965,49.82,26.215,262889.5,0.14,94.725,176,0,5,36,19,2,50.2,100,47.33,34.52,23.38,36.255,-24.835,1,5.31,5.09
2.85,782.815,728.19,1.705,1.205,0.18,-42.235,141815,0.015,91.115,204,9,6,36,4,1,53.5,100,56.77,0,48.325,88.1,17.585,0.099,-1.02,-0.35
29.635,262.155,214.44,1.25,1.035,1.02,11.79,2226145,0.15,87.865,1855,25,5,33,5.5,1,74.7,100,80.42,0.19,21.425,42.815,7.72,0.576,-1.36,0.39
33.63,262.3,167.925,2.5,0.81,4.185,16.98,2602825,0.295,113.09,399,4,6,39,6,1,58.2,100,68.48,250.33,7.365,11.99,52.395,0.849,4.96,3.71
23.045,380.47,334.925,1.455,1.295,3.29,7.03,934782,0.2,70.35,441,9,8,39,5.5,4,45.1,100,19.01,53.06,16.165,28.56,1.565,0.488,0.89,2.68
19.69,430.66,386.035,5.305,1.295,1.745,4.46,1206360,0.17,72.04,613,29,6,35,0.5,1,42.4,100,94.6,33.76,24.12,38.255,19.15,1,0.63,0.98
20.555,482.18,424.14,1.63,1.265,5.205,12.53,282727,0.195,72,114,6,4,37,13.5,2,42,100,8.24,18.7,16.425,25.075,1.925,0.794,1.71,2.23
40.755,233.74,136.955,1.675,1.13,12.905,21.195,2574651,0.495,82.175,565,44,3,30,4,1,18.6,100,89.06,86.08,7.85,12.03,2.515,1,3.99,6.63
13.705,731.95,603.22,0.775,1.625,15.605,-23.34,187223,0.165,56.235,127,10,6,38,3,2,24.1,100,97.35,0,19.285,42.98,-4.545,1,-1.56,-1.24
30.53,239.41,129.53,1.405,1.17,1.425,22.76,3054239,0.32,77.87,904,13,5,35,45,6,35.5,100,57.19,346.7,14.545,22.74,10.135,0.546,5.59,10.28
33.035,505.78,433.885,0.95,1.245,1.03,19.235,256787,0.16,73.045,100,17,5,35,1.5,2,22.7,100,68.22,14,13.22,19.795,-4.655,1,2.81,2.01
31.385,394.1,345.775,1.925,0.815,53.61,-22.645,259945,0.145,113.01,176,0,5,36,19,2,50.2,100,47.33,34.52,23.815,34.615,-38.9,1,4.02,4.49
28.735,313.825,264.05,1.84,2.41,5.37,9.83,7622580,0.425,37.74,716,35,4,33.5,29,10.5,12.05,71.335,70.1,355,4.34,6.595,-10.45,1,6.41,4.52
32.805,275.96,216.1,2.01,2.94,6.815,12.565,8502285,0.535,31.365,611,4,4,33,13,10,9.2,79.6,66.63,320,3.46,5.375,9.185,1,5.25,3.29
35.235,252.935,185.505,2.115,2.18,7.54,26.94,7927460,0.53,42.55,552,4,4,33,17,10,9.3,85.3,66.75,310,3.495,5.235,-0.555,1,7.93,4.63
37.79,237.355,160.235,2.17,2.035,8.57,4.425,7631580,0.515,45.005,552,4,4,33,17.5,10,9.3,85.3,66.75,310,3.235,5.125,-1.485,1,7.2,3.9
40.86,217.91,133.455,2.47,2.445,10.95,12.945,7976315,0.565,37.39,499,5,4,32,10.5,6,6.9,88.6,64.49,222,2.49,4.1,31.315,1,3.36,1.66
42.125,206.33,120.17,2.435,2.375,10.7,1.62,7750990,0.555,38.385,499,5,4,32,14,6,6.9,88.6,64.49,222,2.615,4.275,62.185,1,5.79,2.73
32.865,277.96,220.895,1.855,2.19,5.385,-6.82,8348856,0.44,41.665,762,35,4,34,24,11,15,68.77,73.69,380,5.045,7.215,-0.085,1,5.5,4.16
32.88,279.44,231.355,1.78,2.35,5.105,0.09,7705872,0.42,38.685,762,35,4,34,24.5,11,15,68.77,73.69,380,5.245,7.53,-5.145,1,6.66,4.74
31.21,284.51,223.525,2.14,2.88,7.34,22.535,8541351,0.57,32.165,552,4,4,33,16,10,9.3,85.3,66.75,310,3.98,5.87,5.075,1,6.13,3.83
36.085,250.925,173.195,2.355,2.525,10.12,10.15,7785316,0.55,36.67,525.5,4.5,4,32.5,16,8,8.1,86.95,65.62,266,3.095,4.825,-1.96,1,4.74,2.52
36.24,248.175,168.38,2.485,2.745,11.17,22.68,8147138,0.585,33.19,499,5,4,32,11,6,6.9,88.6,64.49,222,2.4,3.84,11.27,1,7.02,3.66
39.87,221.87,131.53,2.52,2.565,11.115,-0.49,7941567,0.605,35.525,471.5,4.5,3.5,32,15,5,10.5,90.3,64.475,356,3.085,5.035,83.645,1,3.87,2.18
39.315,227.58,143.165,2.55,2.69,10.06,17.5,7377024,0.615,33.855,444,4,3,32,14,4,14.1,92,64.46,490,3.605,5.72,57.545,1,5.08,2.85
2.2,1045.56,2195.28,1.085,0.53,0.12,-42.235,93580.5,0.01,192.815,193.5,9,6,6,1.5,1,53.5,100,56.77,0,75.67,109.645,-17.2,0.07,-0.69,-0.09
48.625,178.11,155.33,1.855,1.435,2.315,8.105,7931394,0.195,64.185,3279,6,5,5,62.5,2,48.8,100,49.13,1030.24,26.03,35.94,9.6,0.383,3.32,1.47
76.76,96.27,76.935,3.28,1.63,0.595,-4.285,1397928.5,0.145,57.405,2114,34,6,6,51.5,1,74.7,100,80.42,0,25.04,53.71,-22.86,0.166,-22.91,-0.76
27.515,281.425,244.42,1.09,0.93,0.84,11.79,2084656,0.14,98.055,1911,25,5,5,3.5,2,32.4,100,75.07,0.19,22.84,34.415,-5.405,0.485,5.42,0.95
15.01,738.515,497.91,0.855,1.045,2.27,-10.62,501480,0.145,88.585,304,9,8,8,3,4,9,58.27,66.46,45.41,12.645,23.485,2.13,0.459,0.56,0.08
30.275,241.225,194.505,4.01,1.285,3.185,10.855,56462433.5,0.165,70.96,10075.5,3,4,4,72.5,2,52.2,100,95.85,579.97,21.295,27.635,43.34,0.616,2.89,4.62
22.11,443.455,321.37,1.575,0.9,2.795,18.765,1933698,0.195,101.43,1143,4,6,6,22.5,4,43.8,35.05,79.61,174,17.035,27.425,2.63,0.387,2.78,0.59
35.115,254.455,296.22,2.33,0.755,4.22,17.3,2680720,0.285,122.565,388,4,6,6,4,1,58.2,100,68.48,250.33,7.425,12.3,47.57,1,3.35,0.87
20.08,448.12,425.055,1.34,1.145,2.99,7.03,836085,0.18,81.025,596,9,8,8,2,4,37.1,36.6,19.01,53.06,18.575,32.45,-10.025,0.696,2.57,0.62
40.82,220.755,233.67,1.09,1.675,10.67,13.105,15195317.5,0.33,54.22,1969,17,5,5,69.5,3,28.1,74.02,62.71,72.82,10.705,13.425,43.465,0.985,5.84,2.79
16.595,445.355,307.22,1.725,1.09,2.2,24.09,1418130,0.17,84.34,796,0,6,6,8,4,27.5,83.24,67.25,106.68,27.925,39.815,-14.895,0.474,2.7,0.46
15.95,514.17,589.755,5.44,1.415,1.835,4.46,1261237.5,0.185,64.385,628,29,6,6,0.5,1,42.4,100,94.6,33.76,22.54,36.495,9.91,0.53,0.01,0
5.49,1940.655,1320.35,1.84,0.82,0.585,52.83,79913.5,0.06,111.7,95,8,9,9,1,3,69.7,93.83,85.86,8.1,27.935,53.005,-8.69,0.342,0.68,0.1
31.035,296.78,242.895,3.27,1.99,5.49,19.405,1771491.5,0.36,46.63,472,17,5,5,1,2,38,72.3,80.75,49.32,14.565,21.3,-3.855,1,3.19,0.83
17.105,584.16,517.945,1.515,1.1,5.155,13.42,273881,0.19,84.675,119,6,4,4,8,2,42.6,93.02,8.24,18.7,17.02,26.05,-1.73,0.731,1.73,0.46
44.275,213.735,235.255,1.825,1.24,12,21.195,2762672,0.5,73.475,380,44,3,3,6.5,1,18.6,100,89.06,86.08,7.885,13.21,16.84,1,2.47,1.16
19.635,444.69,331.735,1.515,0.975,2.075,30.965,1007575,0.205,93.53,624.5,9,7,7,4.5,3,47.5,71.65,86.29,96.17,16.955,27.775,3.05,0.521,3.91,0.71
13.065,780.085,1075.39,0.725,1.3,14.545,-23.34,175841,0.155,71.995,150,10,6,6,6,2,32,100,97.35,0,19.43,40.945,-13.24,0.548,-5.2,-0.65
25.42,283.505,219.165,1.365,1.21,1.4,22.76,3105366.5,0.33,75.185,894.5,13,5,5,55.5,4,33.6,41.95,62.05,346.7,14.515,22.77,18.575,0.486,5.09,2.55
32.47,243.165,186.5,2.47,1.52,2.955,40.46,2133202.5,0.38,60.01,499,16,6,6,14.5,2,28.1,100,90.84,64.04,11.62,16.87,21.535,0.74,4.73,1.65
26.73,307.65,269.17,1.105,1.115,1.82,6.47,1003896.5,0.18,82.02,300,3,8,8,0,4,35.6,79.91,64.69,135.03,10.785,20.805,1.755,1,2.67,1.31
15.64,546.45,301.665,1.015,1.085,1.96,19.12,536072.5,0.2,84.985,116,39,6,6,3,4,16.5,36.48,52.76,16.38,3.07,11.915,3.24,1,2.1,0.27
14.175,585.97,440.305,1.41,1.35,4.605,28.305,1142913.5,0.17,67.405,202,7,3,3,60.5,2,58.8,100,96.82,61.05,21.52,42.91,-10.25,0.448,1.16,0.59
15.555,586.41,481.335,0.97,0.55,4.47,28.12,202392.5,0.26,166.765,107,1,7,7,2,4,32.4,40.94,45.69,13.99,17.485,24.56,-29.65,0.473,0.07,0.01
31.89,550.71,384.38,1.015,1.12,1.045,10.695,260870.5,0.165,81.875,110,17,5,5,3.5,2,24.3,90.85,68.22,14,11.95,18.21,-7.43,0.772,1.15,0.33
9.72,773.05,478.54,5.29,0,0.53,74.625,266494,0.135,100,215.5,5,5,5,9.5,2,20,75.49,37.75,56.51,31.735,53.44,22.9,1,6.19,1.51
21.35,471.255,338.67,1.87,0.615,49.69,-15.69,242594.5,0.15,153.635,179.5,7,5,5,13,2,51.3,89.75,47.33,34.52,24.415,36.835,-40.67,1,3.76,0.9
26.55,332.115,293.565,2.145,1.56,5.385,7.43,8642743,0.395,58.51,553,8,5,5,43.5,4,12.3,68.1,73.78,420,5.56,7.79,3.125,1,4.79,4.52
1.435,1442.995,1337.55,1.115,0.32,0.075,-47.24,60290.5,0.01,286.325,203,9,6,6,2.5,1,53.5,100,56.77,0,110.83,152.545,-30.84,0.081,-0.94,-0.12
48.225,180.88,146.035,2.02,1.145,2.235,3.955,7504200,0.175,80.45,3436,6,5,5,75,2,48.8,100,49.13,836.12,26.845,36.21,2.6,0.346,1.72,0.72
81.835,82.57,66.785,3.57,1.77,0.555,-5.755,1285022.5,0.135,51.67,1893.5,34,6,6,52,1,74.7,100,80.42,0,27.205,58.16,-28.43,0.171,-6.07,-0.16
26.305,280.275,226.905,1.1,0.84,0.61,7.255,1911337.5,0.125,107.83,1772.5,25,5,5,3.5,2,32.4,100,75.07,3.14,28.665,41.135,10.655,0.536,1.44,0.16
13.285,852.37,746.895,0.75,0.885,1.87,10.215,425044,0.12,102.945,309,9,8,8,1.5,4,9,58.27,66.46,33.015,13.545,25.07,-5.215,0.68,1.25,0.16
29.885,239.145,212.13,3.82,1.11,2.325,7.895,51494470,0.145,82.705,12114,3,4,4,78.5,2,52.2,100,95.85,465.6,22.67,30.665,21.335,0.535,2.66,4.06
21.575,465.44,184.525,1.505,0.805,2.625,20.625,1775132.5,0.18,113.36,1122.5,4,6,6,22.5,4,43.8,35.05,79.61,143.5,18.12,28.935,-0.79,0.367,1.97,0.38
36.15,247.805,143.115,2.145,0.57,3.795,3.8,2437391.5,0.24,162.635,405.5,4,6,6,9,1,58.2,100,68.48,138.325,7.745,12.775,25.63,0.878,0.52,0.15
19.015,479.5,422.885,1.37,1.015,2.755,-4.28,761622.5,0.165,89.945,596,9,8,8,4.5,4,37.1,36.6,19.01,49.885,20.08,34.955,-12.51,0.435,0.99,0.23
37.12,242.32,202.56,1.01,1.525,9.87,16.86,13903430,0.3,60.25,2082.5,17,5,5,64,3,28.1,74.02,62.71,73.565,10.975,13.78,31.135,1,5.36,2.44
17.33,441.995,387.075,2.165,1.285,2.46,38.075,1537985.5,0.185,71.095,780,0,6,6,6,4,27.5,83.24,67.25,87.74,25.875,37.11,2.03,0.498,2.58,0.43
14.7,554.85,494.235,5.225,1.2,1.56,15.42,1018267.5,0.15,76.72,613,29,6,6,0.5,1,42.4,100,94.6,16.88,26.43,41.33,-14.95,0.324,-2.41,-0.46
5.43,2017.18,1947.025,1.75,0.75,0.55,52.495,74398.5,0.055,121.99,95,8,9,9,0.5,3,69.7,93.83,85.86,8.74,27.77,54.37,-8.035,1,2.18,0.33
32.66,284.67,227.635,3.13,1.635,5.06,11.8,1675235.5,0.33,55.715,500,17,5,5,0.5,2,38,72.3,80.75,79.75,15.76,22.84,-1.36,1,2.63,0.66
14.895,668.705,578.105,1.505,0.89,4.83,10.03,246339.5,0.175,102.935,119,6,4,4,8,2,42.6,93.02,8.24,18.14,17.96,27.845,-5.945,0.643,1.82,0.48
42.79,220.91,129.76,1.62,0.97,8.825,-6.335,2337419.5,0.395,99.02,380,44,3,3,7.5,1,18.6,100,89.06,43.04,9.24,15.11,2.005,1,1.24,0.56
19.09,468.35,228.895,1.49,0.93,1.97,19.105,956773,0.19,98.29,629,9,7,7,3,3,47.5,71.65,86.29,97.1,17.16,28.375,2.165,0.828,5.67,0.97
9.46,1176.385,903.52,0.6,0.875,10.36,-53.76,138864.5,0.13,109.51,150,10,6,6,3,2,32,100,97.35,0,25.23,54.02,-23.965,0.477,-5.63,-0.67
24.195,296.895,155.255,1.38,1.265,1.35,26.9,3116492.5,0.325,71.925,915.5,13,5,5,49,4,33.6,41.95,62.05,320,14.63,22.855,18.915,0.462,5.02,2.45
36.145,212.17,157.055,2.305,1.43,2.965,5.98,2140023.5,0.345,64.52,512,16,6,6,16,2,28.1,100,90.84,69.615,11.845,17.55,28.91,0.612,3.78,1.33
24.46,335.825,291.115,1.015,1.04,1.7,9.2,923941,0.165,87.795,300,3,8,8,0,4,35.6,79.91,64.69,115.805,10.845,21.695,-2.225,1,1.61,0.76
15.105,561.145,453.16,1,0.86,1.745,25.425,472848,0.175,108.075,116,39,6,6,2,4,16.5,36.48,52.76,13.39,3.52,13.055,-0.045,1,1.29,0.13
14.36,596.54,549.96,1.47,1.38,4.44,27.66,1093880.5,0.16,66.195,202,7,3,3,66,2,58.8,100,96.82,55.74,21.455,43.98,-8.75,0.482,1.05,0.51
14.825,618.04,399.085,0.91,0.55,4.295,40.625,181724.5,0.25,166.995,107,1,7,7,3,4,32.4,40.94,45.69,8.245,18.9,26.345,-30.35,0.578,0.77,0.13
30.1,573.61,456.72,1.05,0.93,0.805,14.575,246054.5,0.155,99.455,110,17,5,5,3.5,2,24.3,90.85,68.22,7.005,11.37,17.62,-14.75,0.506,0.39,0.11
9.925,768.025,761,4.93,0,0.515,75.28,258380.5,0.13,100,218,5,5,5,11,2,20,75.49,37.75,62.28,32.205,53.69,8.535,1,7.46,1.72
19.85,426.475,367.405,1.935,0.52,43.765,11.365,227419.5,0.15,175.62,176,7,5,5,16,2,51.3,89.75,47.33,32.11,25.005,38.375,-24.53,1,6.19,1.43
26.22,336.105,248.35,2.075,1.34,5.24,9.12,8554608.5,0.37,68.905,553,8,5,5,38,4,12.3,68.1,73.78,460,6,8.235,6.58,1,4.66,4.63
1.08,1856.705,1724.685,1.595,0.295,0.07,-71.01,56044,0.01,311.185,202,9,6,6,3.5,1,53.5,100,56.77,0,118.32,161.645,-49.425,0.19,1.47,0.17
53.775,160.99,125.22,2.255,0.955,2.2,0.145,7297062.5,0.165,95.905,3462,6,5,5,75,2,48.8,100,49.13,642,27.435,36.845,-4.915,0.324,2.9,1.19
82.92,78.84,61.83,3.92,1.665,0.475,-7.24,1105450,0.125,54.675,1850,34,6,6,45,1,74.7,100,80.42,0,29.95,62.96,-39.835,0.544,74.1,3.47
28.375,250.27,203.2,1.28,0.925,0.6,3.055,2088117.5,0.135,99.265,1690,25,5,5,2.5,2,32.4,100,75.07,6.09,26.72,38.84,15.39,0.432,-1.96,-0.51
17.025,692.475,602.54,0.81,0.855,1.81,9.31,415277,0.115,106.325,309,9,8,8,1,4,9,58.27,66.46,20.62,12.91,23.55,-4.735,0.701,2.17,0.26
34.79,205.975,178.385,3.675,0.905,1.785,2.27,47290138.5,0.13,101.015,12431,3,4,4,66,2,52.2,100,95.85,351.23,22.995,31.25,-4.885,0.544,3.44,5.09
28.265,372.35,157.39,1.47,0.735,2.435,14.665,1601625,0.16,123.36,1119,4,6,6,17,4,43.8,35.05,79.61,113,19.32,29.87,-14.685,0.387,3.19,0.57
33.075,263.77,130.855,2.105,0.48,3.435,-31.775,2262108.5,0.22,189.275,412,4,6,6,9.5,1,58.2,100,68.48,26.32,7.25,12.05,3.06,0.821,2.65,0.59
21.57,424.53,377.665,1.44,0.98,2.705,-8.17,743169.5,0.16,93.18,596,9,8,8,56.5,4,37.1,36.6,19.01,46.71,20.485,35.855,-15.49,0.435,3.19,0.74
39.24,228.32,189.415,1.025,1.36,8.285,9.66,12577069.5,0.27,66.92,2103,17,5,5,6,3,28.1,74.02,62.71,74.31,11.425,14.37,7.54,1,6.48,2.79
21.265,374.825,326.93,2.32,1.38,2.76,11.005,1682810,0.195,65.885,783,0,6,6,0.5,4,27.5,83.24,67.25,68.8,23.73,33.97,15.805,0.63,2.82,0.43
14.37,561.67,501.025,4.725,0.94,1.345,-10.375,784187.5,0.115,98.465,609,29,6,6,0.5,1,42.4,100,94.6,0,36.1,53.96,-26.565,0.431,0.57,0.11
8.79,1422.59,1375.3,1.78,0.83,0.595,19.92,79694.5,0.055,112.02,95,8,9,9,0.5,3,69.7,93.83,85.86,9.38,25.135,50.535,-2.175,0.9,2.33,0.34
38.3,243.545,191.59,3.055,1.58,5.44,7.765,1840201.5,0.34,57.59,505,17,5,5,0.5,2,38,72.3,80.75,110.18,15.1,21.57,7.875,1,3.74,0.92
18.42,568.27,491.02,1.59,0.885,5.075,5.98,247656.5,0.175,103.465,119,6,4,4,10,2,42.6,93.02,8.24,17.58,17.755,27.74,-5.73,1,2.96,0.77
41.12,235.685,123.725,1.48,0.73,5.645,-20.42,1959867.5,0.34,124.89,380,44,3,3,6.5,1,18.6,100,89.06,0,10.115,15.275,-13.275,1,3.14,1.4
25.625,373.85,172.035,1.53,0.925,1.99,-0.47,957197.5,0.185,98.72,639,9,7,7,5.5,3,47.5,71.65,86.29,98.03,16.215,27.03,-0.1,0.554,6.04,0.97
8.09,1314.565,1003.385,0.53,0.625,6.22,-26.005,102842.5,0.105,145.255,150,10,6,6,1.5,2,32,100,97.35,0,31.94,70,-41.385,0.743,-0.28,-0.03
29.885,244.185,138.75,1.435,1.305,1.23,24.355,3145939,0.31,69.755,927,13,5,5,40,4,33.6,41.95,62.05,320,15.03,22.76,10.175,0.479,6.13,2.93
42.37,186.385,130.745,2.175,1.135,2.9,2.775,2090719.5,0.31,81.095,520,16,6,6,13,2,28.1,100,90.84,75.19,11.855,17.135,26.48,0.728,6.1,1.97
28.81,290.86,251.865,1,0.97,1.6,6.455,858462.5,0.155,93.85,300,3,8,8,0,4,35.6,79.91,64.69,96.58,10.875,21.735,-11.185,1,4.03,1.77
33.705,338.115,264.085,1.025,0.68,1.5,11.255,405464.5,0.15,135.86,116,39,6,6,1,4,16.5,36.48,52.76,10.4,3.535,11.88,-16.59,1,2.43,0.33
18.085,502.555,467.21,1.54,1.51,4.48,18.1,1087683,0.16,60.37,202,7,3,3,64.5,2,58.8,100,96.82,50.43,20.355,43.05,-11.615,0.518,1.63,0.74
18.22,522.07,346.905,0.895,0.57,4.495,5.365,174557.5,0.245,160.84,107,1,7,7,1.5,4,32.4,40.94,45.69,2.5,19.495,27,-27.135,0.974,1.32,0.21
32.385,455.355,354.315,1.13,0.89,0.485,20.275,233208,0.145,103.135,110,17,5,5,3.5,2,24.3,90.85,68.22,0.01,11.63,18.3,-12.77,0.402,-1.14,-0.3
20.11,512.975,506.195,4.14,0,0.54,40.43,269463.5,0.13,100,216,5,5,5,13,2,20,75.49,37.75,68.05,29.965,50.16,14.865,0.974,6.49,1.4
26.5,355.005,311.94,2.285,0.69,53.89,18.195,263561,0.17,138.285,176.5,7,5,5,29,2,51.3,89.75,47.33,29.7,22.54,33.295,0.22,1,4.29,0.88
29.575,304.09,224.675,2.035,1.12,5.115,5.355,8391817,0.325,81.46,553,8,5,5,37.5,4,12.3,68.1,73.78,500,6.875,9.39,6.345,1,6.25,6
1.015,2195.28,2037.07,1.77,0.385,0.075,-83.205,58017.5,0.01,250.975,202,9,6,6,4.5,1,53.5,100,56.77,0,123.455,173.365,-58.295,0.08,0.52,0.06
55.19,155.33,117.5,2.325,0.945,2.255,1.845,7529765.5,0.165,96.955,3462,6,5,5,71.5,2,48.8,100,49.13,642,28.765,38.595,-8.085,0.413,3.29,1.43
74.615,76.935,59.715,4.645,1.825,0.49,-6.4,1134674.5,0.135,50.145,1850,34,6,6,33.5,1,74.7,100,80.42,0,32.115,64.875,-29.615,0.191,-14.01,-0.83
30.375,244.42,196.65,1.315,0.995,0.645,2.33,2274657.5,0.145,91.55,1690,25,5,5,1,2,32.4,100,75.07,6.09,18.51,29.665,2.175,0.633,2.74,0.4
20.935,497.91,426.59,0.88,0.875,1.975,-1.645,451597,0.13,103.805,309,9,8,8,0.5,4,9,58.27,66.46,20.62,12.51,23.045,-11.325,0.887,0.42,0.05
35.525,194.505,163.67,3.85,0.895,1.815,-0.2,52003050,0.145,102.31,12748,3,4,4,59.5,2,52.2,100,95.85,351.23,22.415,30.3,-6.995,0.764,1.73,2.83
30.415,321.37,145.88,1.49,0.785,2.495,8.12,1600838,0.16,116.455,1119,4,6,6,25.5,4,43.8,35.05,79.61,113,19.825,29.645,-22.025,0.399,2.25,0.44
28.775,296.22,131.755,2.22,0.495,3.24,-12.45,2272944.5,0.24,184.885,412,4,6,6,7.5,1,58.2,100,68.48,26.32,6.785,11.665,-12.36,1,0.86,0.24
21.53,425.055,381.015,1.415,1.065,2.74,28.03,752237.5,0.165,86.885,596,9,8,8,7,4,37.1,36.6,19.01,46.71,20.225,35.19,-19.57,0.575,2.5,0.59
37.995,233.67,194.735,1.11,1.47,6.99,9.515,12770168,0.29,62.285,2103,17,5,5,46,3,28.1,74.02,62.71,74.31,12.145,14.935,-9.585,1,5.46,2.49
24.545,307.22,250.31,2.08,1.195,2.78,3.56,1671391,0.2,77.895,783,0,6,6,6,4,27.5,83.24,67.25,68.8,24.88,35.28,17.66,0.459,-1.52,-0.21
13.755,589.755,532.22,4.525,1.045,1.475,-9.205,805397.5,0.125,91.475,605,29,6,6,0.5,1,42.4,100,94.6,0,37.69,55.425,-33.51,0.578,0.32,0.06
9.035,1320.35,1271.305,1.67,0.895,0.63,33.16,83677.5,0.06,102.24,95,8,9,9,0.5,3,69.7,93.83,85.86,9.38,25.195,51.225,-1,0.834,1.64,0.24
38.315,242.895,187.96,3.09,1.655,5.835,7.195,2018875.5,0.37,55.09,505,17,5,5,1,2,38,72.3,80.75,110.18,13.88,20.065,10.385,1,4.96,1.27
19.74,517.945,442.445,1.66,0.955,5.64,7.705,268398.5,0.185,95.645,119,6,4,4,11,2,42.6,93.02,8.24,17.58,17.49,27.08,-5.085,0.921,1.65,0.44
41.605,235.255,121.275,1.555,0.755,3.645,0.6,2031178,0.37,120.685,380,44,3,3,6,1,18.6,100,89.06,0,10.345,15.71,-20.68,0.948,2.87,1.32
27.12,331.735,138.3,1.56,0.96,2.145,37.085,1025011,0.2,94.785,639,9,7,7,7,3,47.5,71.65,86.29,98.03,16.355,27.11,1.975,0.617,5.23,0.91
9.615,1075.39,826.005,0.685,0.725,6.245,6.405,115041.5,0.12,129.885,150,10,6,6,2.5,2,32,100,97.35,0,28.03,61.64,-38.515,0.722,-3.03,-0.34
31.685,219.165,133.275,1.51,1.27,1.135,17.85,3220924,0.31,71.765,927,13,5,5,39,4,33.6,41.95,62.05,320,15.885,23.505,5.455,0.384,3.96,2
42.19,186.5,126.025,2.31,1.065,3.215,10.775,2278376,0.33,85.47,520,16,6,6,11.5,2,28.1,100,90.84,75.19,11.455,16.6,17.23,0.968,5.95,2.1
30.475,269.17,233.295,1,0.975,1.605,5.51,852109,0.155,93.205,300,3,8,8,0,4,35.6,79.91,64.69,96.58,11.48,22.585,-15.765,1,2.72,1.23
33.885,301.665,209.745,1.105,0.66,1.415,24.76,383743,0.16,138.52,116,39,6,6,1,4,16.5,36.48,52.76,10.4,3.72,13.425,-30.35,1,-0.71,-0.07
20.265,440.305,409.925,1.5,1.55,4.475,11.77,1075401,0.16,58.63,202,7,3,3,62,2,58.8,100,96.82,50.43,20.93,44.895,-12.28,0.518,1.27,0.57
19.28,481.335,332.195,0.87,0.625,4.74,16.425,176212,0.25,144.535,107,1,7,7,0,4,32.4,40.94,45.69,2.5,19.91,27.61,-19.955,1,0.23,0.04
34.44,384.38,285.625,1.12,0.87,0.385,0.665,220020,0.14,105.645,110,17,5,5,7,2,24.3,90.85,68.22,0.01,12.08,19.805,-14.325,0.483,-0.46,-0.12
20.415,478.54,458.47,3.835,0,0.535,32.89,266070,0.125,100,214,5,5,5,13.5,2,20,75.49,37.75,68.05,31.195,53.775,8.13,1,7.3,1.69
27.59,338.67,295.21,2.11,0.695,57.135,14.935,254128,0.16,135.995,177,7,5,5,32.5,2,51.3,89.75,47.33,29.7,22.72,33.51,-2.47,1,4.47,0.97
30.35,293.565,215.19,2.14,1.175,5.655,7.92,9237986.5,0.34,78.225,553,8,5,5,45,4,12.3,68.1,73.78,500,6.565,9.13,11.09,1,5.18,5.29
